0,1,2,3,4,5,6,7,8,9,10,11,12,13,14,15,16,17,18,19,20,21,22,23,24,25,26,27,28,29,30,31,32,33,34,35,36,37,38,39,40,41,42,43,44,45,46,47,48,49,50,51,52,53,54,55,56,57,58,59,60,61,62,63,64,65,66,67,68,69,70,71,72,73,74,75,76,77,78,79,80,81,82,83,84,85,86,87,88,89,90,91,92
-72.40157,-61.183712,-59.01918,-58.664356,-51.8304,-42.973377,-41.106815,-39.203487,-35.53726,-35.727745,-36.391888,-31.5783,-27.82632,-28.866402,-29.256874,-28.324898,-25.528214,-24.170921,-25.915825,-25.844551,-27.951427,-22.478388,-18.216877,-20.852402,-26.599716,-19.583302,-21.461878,-19.285666,-19.075014,-22.290464,-22.258024,-25.353485,-22.99974,-21.716927,-28.259972,-21.97732,-21.023376,-21.952366,-22.315866,-21.574158,-21.496262,-24.086617,-31.409676,-31.560009,-29.859047,-26.234371,-22.313358,-24.346832,-27.289516,-26.930195,-22.77334,-24.070545,-24.258598,-20.098684,-17.53531,-20.258696,-19.737476,-20.530397,-27.575405,-27.26709,-23.901726,-20.420109,-24.282196,-24.76144,-23.310734,-29.378586,-27.971893,-29.827631,-31.748032,-33.166733,-37.789577,-48.132607,-35.258404,-26.324112,-27.191908,-40.972473,-55.84418,-57.0555,-48.861404,-33.858223,-26.305492,-25.175621,-29.100235,-24.20057,-24.989944,-34.808994,-36.826023,-36.898552,-43.576057,-55.537453,-61.901314,-64.40739,-69.08538
-64.95199,-52.904797,-48.977856,-45.680283,-34.837322,-25.67588,-20.099371,-17.55224,-16.919308,-15.002651,-16.147755,-9.732286,-5.9801884,-7.7751484,-7.074293,-6.958597,-8.772875,-9.127632,-9.323042,-9.174931,-9.118553,-5.0884733,-4.3215714,-5.6866446,-10.137909,-7.055456,-6.9379115,-5.2295284,-4.530175,-6.2520647,-5.8635025,-10.084936,-10.19341,-8.111779,-7.529523,-2.2197409,-0.8330431,-4.3434362,-4.8119783,-1.5005283,9.536743e-07,-3.609788,-9.999628,-14.27054,-14.653353,-8.406461,-7.694331,-11.49665,-10.024384,-8.019616,-9.282741,-10.780198,-9.772362,-6.518424,-3.7565851,-4.651925,-2.1791573,-4.1540728,-5.406028,-5.554782,-7.5899124,-3.0903645,-5.0927143,-7.238636,-7.057026,-8.492538,-9.414293,-14.553444,-17.26809,-15.059318,-18.664024,-29.0295,-26.528397,-12.656627,-9.455499,-15.616121,-29.718407,-44.06397,-26.69344,-17.942535,-12.63506,-5.5562086,-4.2460995,-7.3468533,-9.025953,-12.41172,-18.943045,-17.010067,-18.468853,-27.872393,-41.61534,-53.35281,-59.383396
-66.702,-58.958576,-54.144707,-49.667004,-36.390675,-30.131207,-23.880043,-20.226406,-19.824879,-19.771858,-19.890871,-12.889008,-9.464663,-10.761526,-10.451557,-10.6462965,-12.32087,-12.970917,-13.568164,-13.291226,-11.488144,-7.8293777,-9.934812,-12.181975,-13.638634,-9.462675,-10.502484,-9.211798,-10.391405,-9.796358,-10.510342,-11.971971,-13.077487,-10.86404,-10.828325,-7.0644894,-5.9579725,-8.953854,-8.775122,-7.1253977,-5.371537,-9.184453,-14.502714,-18.116152,-19.322708,-13.672466,-13.262125,-16.53197,-14.17028,-13.273056,-12.174623,-11.6670065,-10.686779,-11.70386,-10.443546,-9.040305,-6.5870094,-8.740037,-8.463053,-9.929815,-13.413693,-10.231491,-10.310448,-9.681789,-9.346717,-10.833853,-13.269796,-19.270485,-22.251722,-20.746305,-24.588314,-33.471966,-29.571062,-15.486595,-13.113074,-19.993021,-34.248142,-46.801178,-30.116486,-22.009762,-16.378967,-9.713718,-9.3747425,-10.939118,-12.156424,-16.23064,-22.319263,-20.625032,-22.261887,-31.972965,-44.911724,-55.390373,-63.6592
-74.020004,-67.42654,-68.30135,-65.86456,-60.6809,-52.5796,-45.733734,-42.100937,-38.95852,-37.09394,-30.840324,-28.31688,-29.399761,-26.819706,-22.674126,-23.044483,-24.772041,-26.46653,-21.811756,-20.543034,-21.800943,-19.17923,-22.788826,-29.799139,-22.080032,-17.50761,-21.464437,-19.09937,-21.63148,-15.912636,-17.749672,-18.11776,-19.310648,-15.987726,-18.608839,-19.668507,-23.228027,-20.886318,-21.018873,-24.91536,-24.449528,-27.895258,-34.03498,-42.621037,-41.506535,-32.58599,-30.905472,-37.82685,-47.572952,-32.07,-27.099358,-23.58284,-22.387182,-23.258198,-23.566498,-24.771152,-25.699387,-29.113197,-29.478794,-31.475304,-25.762634,-22.887001,-25.656487,-27.581484,-23.900969,-23.8797,-27.022537,-36.307007,-43.93885,-52.926903,-57.881966,-60.94936,-50.461742,-39.506958,-39.68979,-53.86896,-65.685104,-64.89879,-49.92916,-38.96777,-27.782932,-23.95911,-26.761898,-24.042814,-23.5616,-29.583057,-36.762096,-43.03043,-57.303112,-61.477104,-68.97919,-73.24225,-77.71999
-79.51118,-71.69926,-70.80446,-72.01803,-68.90693,-63.68414,-59.67594,-59.25983,-53.40194,-47.37226,-38.65828,-36.625153,-39.402695,-44.17731,-39.708317,-39.06142,-36.621468,-38.053253,-27.772184,-27.417145,-35.97224,-30.09977,-27.014544,-33.60918,-35.84965,-32.785904,-31.0,-27.071404,-28.744352,-21.933517,-22.663921,-22.4337,-23.794521,-20.903105,-25.09304,-28.1655,-28.756065,-27.46006,-27.897388,-30.627708,-33.740032,-40.683037,-52.58289,-60.61254,-55.933643,-49.80031,-48.422497,-55.539677,-56.547127,-34.957504,-29.382149,-31.99023,-33.641098,-34.98931,-34.92444,-34.038136,-32.954308,-32.598812,-36.276623,-43.700428,-33.55473,-30.51253,-33.959675,-34.53118,-31.055729,-32.445953,-38.166313,-50.96488,-57.24859,-62.805424,-70.24559,-70.06542,-64.70767,-59.426212,-59.773983,-72.245056,-76.48784,-74.683304,-63.43853,-44.942852,-32.91647,-30.128414,-34.195747,-31.17284,-31.031452,-43.1166,-55.25459,-60.770687,-69.38306,-78.51245,-78.50416,-78.13656,-80.0
-80.0,-73.48993,-74.25366,-77.11661,-72.49519,-70.999146,-70.20294,-69.64273,-64.58294,-60.35793,-51.369347,-48.343647,-48.88114,-55.899395,-58.13162,-51.074203,-44.893074,-46.54056,-35.717518,-35.95256,-46.38601,-35.91154,-32.48723,-39.909927,-45.16449,-42.689503,-39.381607,-34.769592,-36.85815,-31.153671,-29.469933,-27.527,-28.784254,-26.27707,-30.841255,-32.91563,-33.297874,-31.50484,-32.41823,-36.621925,-39.08844,-46.26868,-56.93557,-62.348076,-60.215054,-57.456707,-59.09044,-62.88183,-61.08972,-43.03544,-36.219177,-39.627796,-45.97369,-46.823826,-49.917706,-46.383797,-42.955788,-40.467453,-44.158203,-52.665146,-40.41251,-34.1661,-37.628338,-44.47318,-47.15067,-46.760845,-51.30944,-61.059563,-65.89065,-68.30618,-73.856544,-72.39982,-65.70228,-64.54078,-67.02408,-76.20842,-79.19588,-79.95626,-68.44335,-55.043056,-46.67634,-43.46343,-45.33394,-41.665512,-42.300022,-55.547997,-63.392807,-66.628006,-73.48117,-78.80149,-79.403694,-80.0,-80.0
-80.0,-77.23783,-75.694084,-77.059074,-75.31927,-73.94995,-72.45872,-71.28867,-70.348045,-66.6698,-60.24342,-60.465816,-65.17043,-66.778206,-60.52337,-50.42935,-44.307472,-48.17449,-45.438354,-45.21301,-51.213734,-45.601425,-44.636753,-51.976612,-55.928894,-52.41539,-50.693043,-46.5802,-51.645565,-45.849598,-38.44176,-33.124626,-35.347202,-33.55905,-36.987236,-37.60142,-40.221687,-39.893387,-40.25026,-45.59224,-48.107914,-52.238922,-63.64777,-67.857605,-63.260998,-60.875973,-61.986176,-65.03976,-68.18932,-56.91334,-51.93042,-55.570595,-60.85509,-60.818363,-60.096184,-54.470905,-54.297333,-55.522022,-60.761562,-57.550995,-46.97257,-42.803314,-47.060127,-53.516815,-54.70808,-57.445503,-63.233395,-67.74574,-67.30047,-68.62964,-73.52234,-78.86631,-72.72034,-67.12864,-69.926895,-79.637184,-79.4315,-77.31611,-71.926414,-68.13604,-59.473866,-54.14584,-51.96852,-48.44479,-51.781948,-63.4391,-65.70163,-69.404144,-76.20659,-76.16066,-79.20087,-80.0,-80.0
-80.0,-80.0,-79.58351,-78.56731,-78.08262,-77.70302,-72.25993,-70.61879,-73.36013,-73.183174,-67.90927,-66.03546,-69.126854,-71.02737,-62.61407,-57.60483,-54.236195,-58.285496,-56.625614,-55.55914,-61.299286,-57.984226,-58.323994,-65.66544,-69.64837,-66.47825,-68.3668,-63.868008,-67.06832,-63.693768,-52.52369,-46.174885,-48.45374,-45.40562,-49.172085,-53.106396,-55.254017,-50.758583,-50.410835,-56.17989,-60.587086,-64.62868,-71.94616,-71.27765,-64.337975,-61.004,-67.10555,-71.915794,-73.27297,-66.49562,-61.679913,-63.334362,-64.484985,-61.87265,-61.144093,-60.93126,-60.10601,-62.278316,-68.58361,-67.18929,-58.30991,-56.073986,-60.988735,-63.873425,-61.23538,-62.649834,-67.52657,-72.601295,-71.27574,-73.1022,-77.96246,-79.39136,-74.03781,-69.782486,-71.772995,-80.0,-80.0,-80.0,-76.97257,-71.28648,-63.60776,-58.62891,-56.426346,-52.424366,-55.001637,-68.32928,-70.12916,-72.89297,-77.073654,-79.36984,-80.0,-79.16257,-78.81837
-80.0,-77.96219,-78.238815,-80.0,-79.63763,-76.31967,-73.56204,-74.09016,-71.29644,-70.34891,-71.52206,-68.730675,-69.81808,-71.16136,-65.877045,-64.63955,-63.25781,-67.51082,-65.797806,-63.435303,-65.73663,-63.405376,-65.18424,-69.57699,-73.25309,-71.94702,-71.838585,-67.42623,-71.172386,-72.09167,-66.77539,-60.13004,-61.7926,-60.54718,-64.038635,-63.17197,-63.788128,-59.323467,-59.130184,-64.20415,-65.45021,-68.46063,-75.52509,-76.056725,-68.81527,-65.555824,-70.517426,-76.86531,-77.945816,-69.22469,-65.53695,-69.81254,-67.70459,-62.670216,-62.908966,-66.4255,-63.72282,-65.23277,-70.22625,-73.75527,-65.604996,-61.01044,-65.382355,-65.09094,-62.14975,-64.97901,-71.08879,-76.19018,-75.4758,-76.45835,-80.0,-80.0,-78.357506,-76.46321,-78.76738,-80.0,-80.0,-80.0,-79.128654,-69.54924,-63.444088,-61.592396,-63.59535,-59.77431,-61.426598,-69.982315,-73.33472,-76.847984,-80.0,-80.0,-80.0,-80.0,-80.0
-80.0,-79.53502,-79.67508,-80.0,-80.0,-77.06516,-75.42543,-78.17312,-73.75725,-72.30735,-74.71318,-67.135315,-67.00848,-72.99526,-66.748375,-65.62361,-65.647354,-69.45459,-69.46875,-68.228226,-68.359215,-65.570526,-67.27087,-71.47878,-70.77152,-67.07912,-69.84323,-66.24649,-71.31024,-75.44289,-73.84006,-71.1209,-71.30749,-68.084984,-70.94437,-66.87998,-66.24402,-65.601265,-65.83919,-67.31501,-67.85533,-71.51956,-76.15441,-76.615005,-71.896835,-67.48231,-70.83767,-74.7104,-75.927216,-71.62008,-66.55162,-67.65501,-67.08751,-64.15405,-64.67935,-69.493805,-66.375946,-66.44835,-72.41463,-74.752304,-65.9714,-62.874386,-68.78286,-66.35073,-62.039658,-62.612526,-68.36824,-76.90905,-74.88827,-75.14414,-79.96686,-79.96771,-77.19743,-78.142845,-80.0,-80.0,-80.0,-80.0,-79.43508,-68.35524,-62.169888,-60.71265,-63.465534,-61.282135,-63.822117,-72.02152,-76.54821,-79.945076,-80.0,-80.0,-80.0,-80.0,-80.0
-80.0,-78.7345,-77.745094,-80.0,-80.0,-79.577545,-78.02521,-79.324234,-79.28479,-78.28897,-78.640656,-71.42286,-70.659004,-72.283615,-69.25586,-69.57435,-69.18716,-73.3464,-74.546074,-71.98974,-67.9836,-64.5341,-66.714584,-73.449265,-70.336815,-67.40475,-73.138176,-71.23499,-74.25639,-71.34656,-71.94381,-70.32987,-73.39586,-71.7559,-69.42216,-67.31738,-66.962425,-67.9157,-69.827286,-67.84696,-69.20583,-74.104416,-79.40639,-80.0,-74.06366,-70.682846,-73.17707,-76.33411,-76.78021,-73.72114,-68.434784,-68.75461,-70.712906,-67.776855,-66.95914,-71.828255,-70.328804,-70.13323,-73.82699,-76.32802,-69.62187,-65.68254,-69.61065,-70.12712,-66.719505,-67.45333,-71.39065,-77.61413,-74.79446,-75.53424,-78.98334,-79.05948,-76.91616,-76.49679,-78.73808,-79.81426,-79.818985,-80.0,-78.69453,-69.40356,-63.33031,-61.80854,-62.249622,-57.50755,-60.98118,-75.1524,-79.12255,-80.0,-80.0,-80.0,-80.0,-80.0,-80.0
-80.0,-80.0,-80.0,-80.0,-80.0,-80.0,-80.0,-80.0,-80.0,-80.0,-77.35134,-75.99553,-77.03698,-76.27454,-71.09283,-70.53619,-68.81549,-73.0367,-74.91222,-73.55561,-71.02158,-67.13806,-68.94443,-75.70164,-76.17334,-73.13344,-74.76455,-71.4142,-74.6284,-71.94536,-71.39308,-68.13392,-71.654274,-73.00848,-69.944756,-69.0592,-69.31997,-71.66138,-75.72101,-69.67532,-70.18958,-75.18323,-80.0,-80.0,-73.06183,-69.67597,-74.47125,-78.165855,-77.84648,-74.31251,-69.83547,-70.32882,-71.80889,-68.47929,-67.39349,-73.11133,-70.713135,-69.206955,-73.72749,-77.56605,-69.640884,-68.272514,-72.594215,-70.39463,-67.39665,-69.599815,-74.52992,-80.0,-80.0,-79.02253,-79.245865,-79.496506,-80.0,-79.874916,-80.0,-80.0,-80.0,-80.0,-80.0,-73.39161,-66.88449,-64.83927,-63.294575,-57.56248,-60.616455,-73.639046,-77.91145,-79.79329,-80.0,-80.0,-80.0,-80.0,-80.0
-80.0,-80.0,-80.0,-80.0,-80.0,-80.0,-79.198395,-79.54851,-78.87089,-78.77013,-75.69128,-72.87368,-73.99028,-78.06594,-72.920586,-71.48902,-71.70924,-74.96082,-79.88965,-79.30646,-78.25252,-73.08219,-71.430984,-75.80821,-76.94573,-73.55255,-72.920746,-70.16876,-75.40573,-71.37261,-71.97328,-69.06103,-73.19675,-76.70104,-75.708405,-73.37019,-72.009995,-74.17572,-78.303986,-75.360954,-73.32111,-74.61094,-80.0,-80.0,-79.69683,-76.83765,-75.65879,-77.78137,-78.50272,-75.429535,-70.81373,-70.16394,-70.7913,-69.53559,-69.22945,-74.765976,-71.34459,-70.54591,-76.99756,-80.0,-74.0489,-69.84927,-73.33786,-70.80658,-67.9404,-71.528336,-77.15749,-80.0,-80.0,-79.781845,-80.0,-80.0,-80.0,-80.0,-79.97159,-80.0,-80.0,-80.0,-80.0,-76.46607,-72.17967,-69.503716,-67.861244,-64.04473,-67.81104,-76.69043,-76.73166,-78.15777,-80.0,-80.0,-80.0,-80.0,-80.0
-80.0,-80.0,-80.0,-80.0,-80.0,-80.0,-80.0,-77.41603,-76.902725,-77.44292,-77.68069,-72.95773,-73.774124,-77.720085,-77.159004,-77.190956,-74.80854,-76.75897,-74.56041,-72.4266,-78.0211,-77.57942,-73.75434,-76.78363,-80.0,-74.97012,-73.429886,-70.08226,-75.017395,-72.47694,-71.699295,-69.22326,-72.38865,-74.91815,-78.43216,-73.60826,-72.66915,-74.963394,-75.98911,-74.07388,-73.81903,-77.033165,-80.0,-80.0,-80.0,-75.968925,-74.449974,-77.60811,-80.0,-75.88825,-70.37365,-71.321594,-73.20177,-71.035835,-70.68279,-74.39521,-72.112564,-73.08317,-78.066734,-78.0754,-69.92727,-69.01458,-73.477806,-71.65089,-69.194984,-72.50259,-77.81205,-80.0,-80.0,-77.32553,-80.0,-80.0,-80.0,-80.0,-80.0,-80.0,-80.0,-80.0,-80.0,-75.13477,-71.66519,-70.78502,-71.01479,-68.454475,-73.4316,-80.0,-80.0,-80.0,-80.0,-80.0,-80.0,-80.0,-80.0
-80.0,-80.0,-80.0,-80.0,-80.0,-80.0,-80.0,-80.0,-80.0,-79.79352,-78.127686,-78.28204,-78.766594,-80.0,-75.7937,-74.57847,-72.78855,-74.62617,-75.15247,-73.211876,-77.16133,-77.174126,-74.49758,-76.41476,-76.92241,-71.97082,-73.8767,-73.262825,-76.597755,-73.25445,-71.44104,-72.97232,-73.35697,-73.53859,-78.29448,-74.89497,-75.61363,-79.82782,-78.473145,-75.59085,-74.90479,-76.43227,-80.0,-80.0,-78.42071,-75.310875,-77.05634,-80.0,-80.0,-75.94923,-73.10624,-74.9833,-74.07474,-71.62295,-71.83528,-72.76295,-71.88072,-72.70743,-76.484055,-80.0,-72.24737,-70.26085,-75.63579,-72.51687,-68.200035,-70.0325,-77.27836,-80.0,-80.0,-79.968956,-80.0,-80.0,-80.0,-77.47076,-78.973045,-80.0,-80.0,-80.0,-80.0,-74.383316,-70.185646,-70.595505,-71.70849,-66.98297,-70.68987,-78.13642,-79.196495,-78.973564,-80.0,-80.0,-80.0,-80.0,-80.0
-80.0,-80.0,-80.0,-80.0,-80.0,-80.0,-80.0,-80.0,-80.0,-80.0,-77.11487,-77.81871,-80.0,-79.25924,-73.47088,-73.17292,-73.57071,-75.37322,-72.93464,-71.68758,-75.91073,-74.05822,-76.891205,-80.0,-74.043304,-70.0333,-75.17211,-77.66363,-79.71424,-75.79778,-71.915085,-75.30237,-73.4414,-73.10931,-80.0,-76.79715,-76.14743,-79.17047,-80.0,-77.66447,-76.183464,-76.9988,-79.6024,-79.59508,-79.26387,-77.34067,-76.06394,-78.63409,-80.0,-76.670334,-74.365875,-74.19311,-73.849144,-72.77761,-71.272964,-71.915726,-71.13057,-73.57934,-79.46728,-78.36856,-70.29757,-68.93058,-75.037834,-71.03372,-67.1548,-69.85953,-77.04991,-80.0,-78.90994,-79.18605,-80.0,-80.0,-80.0,-80.0,-80.0,-80.0,-80.0,-80.0,-80.0,-76.37479,-72.67998,-71.793365,-72.33481,-66.77623,-70.255585,-78.48882,-80.0,-79.43965,-80.0,-80.0,-80.0,-80.0,-80.0
-80.0,-80.0,-80.0,-80.0,-80.0,-80.0,-80.0,-80.0,-80.0,-80.0,-78.64812,-77.86121,-80.0,-80.0,-73.09833,-72.4945,-75.16647,-77.825195,-77.7545,-75.50743,-78.49184,-75.504906,-76.13083,-79.97861,-76.90267,-72.73564,-76.67719,-75.84464,-76.61663,-77.11796,-73.298584,-76.722336,-75.07856,-73.56621,-79.0142,-74.48133,-74.775696,-79.92286,-80.0,-80.0,-79.85571,-79.02281,-79.57924,-79.11769,-80.0,-79.9496,-77.83639,-79.93811,-79.13828,-78.43706,-76.799065,-75.77991,-75.26802,-74.464584,-72.93307,-70.939514,-71.229195,-73.166115,-78.79772,-80.0,-72.853836,-69.93024,-74.897835,-74.035645,-70.41649,-72.488594,-77.43612,-80.0,-80.0,-79.987915,-80.0,-80.0,-80.0,-80.0,-80.0,-80.0,-80.0,-80.0,-80.0,-74.93121,-74.214935,-73.489914,-74.75648,-69.95422,-72.59284,-79.58868,-79.536224,-80.0,-80.0,-80.0,-80.0,-80.0,-80.0
-80.0,-80.0,-80.0,-80.0,-80.0,-80.0,-80.0,-80.0,-80.0,-80.0,-79.12986,-78.542984,-80.0,-80.0,-75.21004,-74.97053,-77.225075,-80.0,-78.97075,-78.069336,-79.46557,-76.3862,-76.42126,-79.79568,-80.0,-77.779274,-77.69771,-74.44555,-75.18864,-74.19431,-75.21419,-77.6976,-73.827095,-73.04889,-78.81697,-72.08967,-72.71013,-80.0,-79.81085,-78.79729,-79.647606,-80.0,-80.0,-80.0,-80.0,-79.511765,-80.0,-80.0,-80.0,-77.39978,-76.37159,-78.733025,-76.65577,-77.6733,-75.97411,-71.27487,-72.348206,-74.69885,-80.0,-80.0,-77.9833,-74.843575,-78.284256,-77.51896,-73.217575,-74.2099,-79.308174,-80.0,-80.0,-79.665955,-80.0,-80.0,-80.0,-80.0,-80.0,-80.0,-80.0,-80.0,-80.0,-75.41178,-74.3354,-77.03504,-74.28056,-69.74414,-73.852684,-80.0,-80.0,-80.0,-80.0,-80.0,-80.0,-80.0,-80.0
-80.0,-80.0,-80.0,-80.0,-80.0,-80.0,-80.0,-80.0,-80.0,-80.0,-80.0,-80.0,-79.504715,-80.0,-78.081406,-76.98887,-75.06582,-78.52897,-79.771484,-78.38983,-77.52222,-76.032814,-79.68854,-80.0,-77.83243,-74.5377,-77.56967,-74.82462,-76.4997,-73.97456,-73.785934,-76.731544,-72.35546,-71.91913,-77.50064,-72.252464,-73.10134,-77.417404,-78.70929,-76.36945,-77.47806,-80.0,-80.0,-80.0,-79.5066,-77.50337,-80.0,-80.0,-80.0,-78.54914,-77.10128,-78.381744,-77.4462,-78.71913,-76.023186,-71.59883,-73.79908,-76.25903,-80.0,-80.0,-75.46015,-75.491356,-80.0,-79.03668,-75.119125,-75.89619,-80.0,-80.0,-80.0,-80.0,-80.0,-80.0,-80.0,-80.0,-80.0,-80.0,-80.0,-80.0,-80.0,-75.05771,-73.22515,-76.71106,-72.5167,-68.52571,-73.42045,-78.77725,-79.01907,-80.0,-80.0,-80.0,-80.0,-80.0,-80.0
-80.0,-80.0,-80.0,-80.0,-80.0,-80.0,-80.0,-80.0,-80.0,-80.0,-80.0,-79.285965,-78.47303,-80.0,-78.733665,-77.3465,-73.23062,-76.998146,-79.55506,-77.83038,-79.359344,-77.06993,-78.65468,-80.0,-78.45216,-75.87549,-77.89622,-75.11863,-78.84439,-77.416,-77.66228,-77.57486,-73.06321,-73.04669,-77.80382,-74.62338,-75.297165,-76.647644,-76.35412,-73.03678,-76.050804,-80.0,-80.0,-80.0,-78.65337,-76.03448,-78.671036,-80.0,-80.0,-80.0,-77.89268,-80.0,-78.65436,-77.59798,-75.59795,-70.83088,-71.146965,-74.478836,-80.0,-80.0,-73.099174,-73.16746,-80.0,-77.74282,-73.11394,-75.79566,-80.0,-80.0,-80.0,-80.0,-80.0,-80.0,-80.0,-80.0,-80.0,-80.0,-80.0,-80.0,-80.0,-75.88322,-74.62662,-74.33161,-72.546974,-69.65708,-75.90851,-80.0,-80.0,-80.0,-80.0,-80.0,-80.0,-80.0,-80.0
-80.0,-80.0,-80.0,-80.0,-80.0,-80.0,-80.0,-80.0,-80.0,-80.0,-80.0,-78.37627,-79.117905,-80.0,-79.85925,-79.420685,-77.892624,-80.0,-80.0,-79.411285,-79.19395,-76.60004,-77.913994,-80.0,-80.0,-77.58469,-79.85877,-78.41895,-80.0,-76.80709,-77.64127,-75.66883,-75.05273,-76.09268,-80.0,-77.82214,-78.14503,-77.18353,-75.47389,-73.13842,-76.432076,-80.0,-80.0,-80.0,-80.0,-77.52855,-76.21787,-79.6188,-80.0,-80.0,-78.471176,-77.356316,-74.694786,-75.78813,-76.302864,-70.95157,-70.79809,-74.73446,-78.9784,-80.0,-71.75849,-71.614456,-78.71884,-75.98482,-72.697365,-75.388626,-80.0,-80.0,-80.0,-80.0,-80.0,-80.0,-80.0,-80.0,-80.0,-80.0,-80.0,-80.0,-80.0,-76.613594,-74.05868,-71.905075,-70.87058,-67.90237,-72.549706,-80.0,-80.0,-80.0,-80.0,-80.0,-80.0,-80.0,-80.0
-80.0,-80.0,-80.0,-80.0,-80.0,-80.0,-80.0,-80.0,-80.0,-80.0,-80.0,-80.0,-80.0,-80.0,-78.17317,-76.3008,-74.6549,-76.628624,-80.0,-79.327835,-79.17563,-76.292175,-75.63919,-80.0,-76.59025,-73.27526,-78.374435,-77.991425,-79.087555,-74.81504,-73.962776,-74.06625,-75.70032,-76.83946,-80.0,-76.668,-75.01542,-77.18374,-77.184975,-73.675766,-76.08377,-79.89037,-80.0,-80.0,-79.66497,-76.08051,-74.33029,-77.92945,-80.0,-79.98442,-76.76783,-76.1861,-72.28897,-73.20848,-75.18066,-70.848915,-69.95074,-73.46642,-77.85259,-78.70844,-69.08384,-68.02731,-75.33759,-75.12715,-71.897484,-74.75075,-79.292755,-80.0,-79.334236,-80.0,-80.0,-80.0,-80.0,-78.98468,-80.0,-80.0,-80.0,-80.0,-80.0,-74.37021,-72.060074,-70.634705,-70.50165,-67.903625,-71.75545,-80.0,-80.0,-80.0,-80.0,-80.0,-80.0,-80.0,-80.0
-80.0,-80.0,-80.0,-80.0,-80.0,-80.0,-80.0,-80.0,-80.0,-80.0,-80.0,-79.35013,-80.0,-80.0,-78.61676,-77.683784,-73.75425,-75.496994,-77.94547,-76.3523,-76.883865,-74.20253,-75.025665,-79.9932,-78.82546,-76.28262,-79.04998,-75.112076,-77.66295,-74.93107,-72.75714,-74.06521,-72.67303,-72.10173,-75.06911,-72.420494,-73.202866,-74.954,-75.84108,-73.47179,-76.32463,-80.0,-80.0,-80.0,-77.87777,-74.33886,-73.89172,-77.81625,-80.0,-76.60429,-73.77725,-73.92821,-71.66399,-72.54497,-72.91461,-65.1713,-64.547165,-69.51087,-74.867096,-75.694,-65.17109,-62.883755,-68.649345,-72.15148,-69.4743,-72.15818,-76.14258,-80.0,-79.339714,-78.54836,-80.0,-80.0,-78.94168,-77.181816,-80.0,-80.0,-80.0,-80.0,-80.0,-73.2801,-72.81421,-68.01479,-61.140186,-56.85264,-60.689953,-71.24453,-79.49731,-80.0,-80.0,-80.0,-80.0,-80.0,-80.0
-80.0,-80.0,-80.0,-80.0,-80.0,-80.0,-80.0,-80.0,-80.0,-79.33771,-75.86666,-73.71231,-74.68051,-78.01339,-75.73494,-76.4781,-73.25321,-74.5078,-75.06915,-74.51259,-73.58059,-70.38309,-71.48704,-75.48862,-75.66332,-72.77893,-76.5424,-73.30555,-75.87995,-72.70649,-71.85708,-74.33024,-72.75337,-72.38381,-72.95477,-69.62191,-71.89787,-69.22315,-68.85293,-71.21487,-73.70817,-79.61423,-80.0,-80.0,-75.78003,-71.960526,-73.69161,-77.75242,-80.0,-74.328125,-70.80493,-71.22539,-70.958954,-71.80829,-71.403946,-60.634235,-59.09162,-60.478817,-64.69918,-74.72038,-63.827007,-59.44538,-64.95555,-72.98873,-69.202644,-69.436104,-75.41795,-80.0,-80.0,-78.69641,-80.0,-80.0,-76.05436,-74.925896,-80.0,-80.0,-80.0,-80.0,-80.0,-71.22988,-70.765945,-63.256374,-54.598667,-50.246845,-54.451305,-65.66493,-75.77056,-80.0,-80.0,-80.0,-80.0,-80.0,-80.0
-80.0,-80.0,-80.0,-80.0,-80.0,-80.0,-80.0,-80.0,-79.54879,-78.69014,-77.57347,-75.88492,-75.44555,-76.80542,-75.35158,-76.99729,-75.07221,-75.24898,-71.67881,-71.18124,-73.67578,-70.28387,-71.09592,-74.65886,-74.58612,-71.14892,-74.32991,-70.41547,-73.11598,-69.91992,-70.22159,-74.013054,-72.89423,-72.69136,-71.56869,-68.544266,-69.219,-64.61065,-64.31362,-69.806305,-73.653656,-77.52076,-80.0,-80.0,-73.93188,-70.343834,-72.82384,-76.50974,-79.78393,-72.803345,-69.65565,-71.448364,-70.17881,-70.37271,-74.3005,-64.82917,-61.774822,-60.354057,-64.53035,-74.16078,-66.45211,-63.76295,-69.76436,-73.23671,-69.21617,-67.59214,-72.67205,-80.0,-80.0,-80.0,-80.0,-80.0,-79.044846,-78.476074,-80.0,-80.0,-80.0,-80.0,-80.0,-72.30948,-64.927246,-60.495968,-57.35162,-52.619884,-55.441006,-65.369385,-74.60925,-79.473495,-80.0,-80.0,-80.0,-80.0,-80.0
-80.0,-80.0,-80.0,-80.0,-80.0,-80.0,-80.0,-80.0,-80.0,-80.0,-80.0,-80.0,-80.0,-80.0,-80.0,-80.0,-79.25366,-80.0,-74.619385,-73.83786,-74.813034,-71.59646,-75.530525,-80.0,-80.0,-77.90342,-74.82889,-70.33889,-75.6012,-74.88954,-75.46627,-75.68342,-76.98464,-75.47287,-73.523705,-71.87259,-72.263695,-69.08754,-69.119576,-73.764,-76.66626,-80.0,-80.0,-80.0,-74.80928,-71.740974,-74.33425,-78.0643,-80.0,-75.85794,-72.253334,-73.98826,-71.43808,-72.34615,-77.22968,-69.33448,-67.68299,-69.344574,-73.1695,-77.17834,-68.65681,-69.0795,-75.50502,-76.81553,-70.59261,-68.32745,-73.709526,-80.0,-80.0,-80.0,-80.0,-80.0,-80.0,-80.0,-80.0,-80.0,-80.0,-80.0,-80.0,-73.46778,-62.174404,-57.066055,-56.1792,-53.546074,-57.626102,-68.77214,-77.94099,-80.0,-80.0,-80.0,-80.0,-80.0,-80.0
-80.0,-80.0,-80.0,-80.0,-80.0,-80.0,-80.0,-80.0,-80.0,-80.0,-80.0,-80.0,-80.0,-80.0,-80.0,-80.0,-78.11653,-79.67693,-77.213745,-77.11525,-77.67976,-74.30694,-79.35068,-80.0,-80.0,-77.321434,-77.77982,-73.53651,-79.040436,-80.0,-79.74295,-78.00477,-78.45139,-74.663635,-77.3265,-78.453384,-76.96061,-75.74601,-76.58675,-79.28979,-80.0,-80.0,-80.0,-80.0,-80.0,-78.303696,-78.032135,-80.0,-80.0,-79.84416,-76.41385,-77.77395,-76.134346,-78.06878,-80.0,-74.70619,-74.26316,-78.622665,-80.0,-79.767586,-72.626434,-72.49613,-77.28648,-80.0,-75.206795,-73.5638,-78.198975,-80.0,-80.0,-80.0,-80.0,-80.0,-80.0,-80.0,-80.0,-80.0,-80.0,-80.0,-80.0,-76.93116,-71.18589,-66.095856,-65.80003,-64.39846,-68.540764,-77.158905,-80.0,-80.0,-80.0,-80.0,-80.0,-80.0,-80.0
-80.0,-80.0,-80.0,-80.0,-80.0,-80.0,-80.0,-80.0,-80.0,-80.0,-80.0,-80.0,-80.0,-80.0,-80.0,-80.0,-79.05751,-80.0,-80.0,-80.0,-80.0,-79.50919,-80.0,-80.0,-80.0,-80.0,-80.0,-80.0,-80.0,-80.0,-80.0,-80.0,-80.0,-75.70608,-78.55201,-79.970535,-80.0,-80.0,-79.69773,-80.0,-80.0,-80.0,-80.0,-80.0,-80.0,-80.0,-80.0,-80.0,-80.0,-80.0,-80.0,-80.0,-80.0,-80.0,-80.0,-80.0,-80.0,-80.0,-80.0,-80.0,-77.40297,-78.11292,-80.0,-80.0,-77.89677,-77.97861,-80.0,-80.0,-80.0,-80.0,-80.0,-80.0,-80.0,-80.0,-80.0,-80.0,-80.0,-80.0,-80.0,-79.28494,-76.24311,-73.99507,-74.165344,-74.63176,-78.08702,-80.0,-80.0,-80.0,-80.0,-80.0,-80.0,-80.0,-80.0
-80.0,-80.0,-80.0,-80.0,-80.0,-80.0,-80.0,-80.0,-80.0,-80.0,-80.0,-80.0,-80.0,-80.0,-80.0,-80.0,-80.0,-80.0,-80.0,-80.0,-80.0,-80.0,-80.0,-80.0,-80.0,-80.0,-80.0,-80.0,-80.0,-80.0,-80.0,-80.0,-80.0,-80.0,-80.0,-80.0,-80.0,-80.0,-80.0,-80.0,-80.0,-80.0,-80.0,-80.0,-80.0,-80.0,-80.0,-80.0,-80.0,-80.0,-80.0,-80.0,-80.0,-80.0,-80.0,-80.0,-80.0,-80.0,-80.0,-80.0,-80.0,-80.0,-80.0,-80.0,-80.0,-80.0,-80.0,-80.0,-80.0,-80.0,-80.0,-80.0,-80.0,-80.0,-80.0,-80.0,-80.0,-80.0,-80.0,-80.0,-80.0,-78.46528,-76.51709,-76.200516,-79.657104,-80.0,-80.0,-80.0,-80.0,-80.0,-80.0,-80.0,-80.0
-80.0,-80.0,-80.0,-80.0,-80.0,-80.0,-80.0,-80.0,-80.0,-80.0,-80.0,-80.0,-80.0,-80.0,-80.0,-80.0,-80.0,-80.0,-80.0,-80.0,-80.0,-80.0,-80.0,-80.0,-80.0,-80.0,-80.0,-80.0,-80.0,-80.0,-80.0,-80.0,-80.0,-80.0,-80.0,-80.0,-80.0,-80.0,-80.0,-80.0,-80.0,-80.0,-80.0,-80.0,-80.0,-80.0,-80.0,-80.0,-80.0,-80.0,-80.0,-80.0,-80.0,-80.0,-80.0,-80.0,-80.0,-80.0,-80.0,-80.0,-80.0,-80.0,-80.0,-80.0,-80.0,-80.0,-80.0,-80.0,-80.0,-80.0,-80.0,-80.0,-80.0,-80.0,-80.0,-80.0,-80.0,-80.0,-80.0,-80.0,-80.0,-78.747345,-76.405426,-77.7273,-80.0,-80.0,-80.0,-80.0,-80.0,-80.0,-80.0,-80.0,-80.0
-80.0,-80.0,-80.0,-80.0,-80.0,-80.0,-80.0,-80.0,-80.0,-80.0,-80.0,-80.0,-80.0,-80.0,-80.0,-80.0,-80.0,-80.0,-80.0,-80.0,-80.0,-80.0,-80.0,-80.0,-80.0,-80.0,-80.0,-80.0,-80.0,-80.0,-80.0,-80.0,-80.0,-80.0,-80.0,-80.0,-80.0,-80.0,-80.0,-80.0,-80.0,-80.0,-80.0,-80.0,-80.0,-80.0,-80.0,-80.0,-80.0,-80.0,-80.0,-80.0,-80.0,-80.0,-80.0,-80.0,-80.0,-80.0,-80.0,-80.0,-80.0,-80.0,-80.0,-80.0,-80.0,-80.0,-80.0,-80.0,-80.0,-80.0,-80.0,-80.0,-80.0,-80.0,-80.0,-80.0,-80.0,-80.0,-80.0,-80.0,-80.0,-79.37463,-78.54314,-80.0,-80.0,-80.0,-80.0,-80.0,-80.0,-80.0,-80.0,-80.0,-80.0
-80.0,-80.0,-80.0,-80.0,-80.0,-80.0,-80.0,-80.0,-80.0,-80.0,-80.0,-80.0,-80.0,-80.0,-80.0,-80.0,-80.0,-80.0,-80.0,-80.0,-80.0,-80.0,-80.0,-80.0,-80.0,-80.0,-80.0,-80.0,-80.0,-80.0,-80.0,-80.0,-80.0,-80.0,-80.0,-80.0,-80.0,-80.0,-80.0,-80.0,-80.0,-80.0,-80.0,-80.0,-80.0,-80.0,-80.0,-80.0,-80.0,-80.0,-80.0,-80.0,-80.0,-80.0,-79.18576,-80.0,-80.0,-80.0,-80.0,-80.0,-79.37369,-80.0,-80.0,-80.0,-80.0,-80.0,-80.0,-80.0,-80.0,-80.0,-80.0,-80.0,-80.0,-80.0,-80.0,-80.0,-80.0,-80.0,-80.0,-80.0,-80.0,-80.0,-79.67614,-79.03101,-80.0,-80.0,-80.0,-80.0,-80.0,-80.0,-80.0,-80.0,-80.0
-80.0,-80.0,-80.0,-80.0,-80.0,-80.0,-80.0,-80.0,-80.0,-80.0,-80.0,-80.0,-80.0,-80.0,-80.0,-80.0,-80.0,-80.0,-80.0,-80.0,-80.0,-80.0,-80.0,-80.0,-80.0,-80.0,-80.0,-80.0,-80.0,-80.0,-80.0,-80.0,-80.0,-80.0,-80.0,-80.0,-80.0,-80.0,-80.0,-80.0,-80.0,-80.0,-80.0,-80.0,-80.0,-80.0,-80.0,-80.0,-80.0,-80.0,-80.0,-80.0,-80.0,-80.0,-80.0,-80.0,-80.0,-80.0,-80.0,-80.0,-80.0,-80.0,-80.0,-80.0,-80.0,-80.0,-80.0,-80.0,-80.0,-80.0,-80.0,-80.0,-80.0,-80.0,-80.0,-80.0,-80.0,-80.0,-80.0,-80.0,-80.0,-80.0,-78.63365,-77.95199,-80.0,-80.0,-80.0,-80.0,-80.0,-80.0,-80.0,-80.0,-80.0
-80.0,-80.0,-80.0,-80.0,-80.0,-80.0,-80.0,-80.0,-80.0,-80.0,-80.0,-80.0,-80.0,-80.0,-80.0,-80.0,-80.0,-80.0,-80.0,-80.0,-80.0,-80.0,-80.0,-80.0,-80.0,-80.0,-80.0,-80.0,-80.0,-80.0,-80.0,-80.0,-80.0,-80.0,-80.0,-80.0,-80.0,-80.0,-80.0,-80.0,-80.0,-80.0,-80.0,-80.0,-80.0,-80.0,-80.0,-80.0,-80.0,-80.0,-80.0,-80.0,-80.0,-80.0,-80.0,-80.0,-80.0,-80.0,-80.0,-80.0,-80.0,-80.0,-80.0,-80.0,-80.0,-80.0,-80.0,-80.0,-80.0,-80.0,-80.0,-80.0,-80.0,-80.0,-80.0,-80.0,-80.0,-80.0,-80.0,-80.0,-80.0,-80.0,-80.0,-80.0,-80.0,-80.0,-80.0,-80.0,-80.0,-80.0,-80.0,-80.0,-80.0
-80.0,-80.0,-80.0,-80.0,-80.0,-80.0,-80.0,-80.0,-80.0,-80.0,-80.0,-80.0,-80.0,-80.0,-80.0,-80.0,-80.0,-80.0,-80.0,-80.0,-80.0,-80.0,-80.0,-80.0,-80.0,-80.0,-80.0,-80.0,-80.0,-80.0,-80.0,-80.0,-80.0,-80.0,-80.0,-80.0,-80.0,-80.0,-80.0,-80.0,-80.0,-80.0,-80.0,-80.0,-80.0,-80.0,-80.0,-80.0,-80.0,-80.0,-80.0,-80.0,-80.0,-80.0,-80.0,-80.0,-80.0,-80.0,-80.0,-80.0,-80.0,-80.0,-80.0,-80.0,-80.0,-80.0,-80.0,-80.0,-80.0,-80.0,-80.0,-80.0,-80.0,-80.0,-80.0,-80.0,-80.0,-80.0,-80.0,-80.0,-80.0,-80.0,-80.0,-80.0,-80.0,-80.0,-80.0,-80.0,-80.0,-80.0,-80.0,-80.0,-80.0
-80.0,-80.0,-80.0,-80.0,-80.0,-80.0,-80.0,-80.0,-80.0,-80.0,-80.0,-80.0,-80.0,-80.0,-80.0,-80.0,-80.0,-80.0,-80.0,-80.0,-80.0,-80.0,-80.0,-80.0,-80.0,-80.0,-80.0,-80.0,-80.0,-80.0,-80.0,-80.0,-80.0,-80.0,-80.0,-80.0,-80.0,-80.0,-80.0,-80.0,-80.0,-80.0,-80.0,-80.0,-80.0,-80.0,-80.0,-80.0,-80.0,-80.0,-80.0,-80.0,-80.0,-80.0,-80.0,-80.0,-80.0,-80.0,-80.0,-80.0,-80.0,-80.0,-80.0,-80.0,-80.0,-80.0,-80.0,-80.0,-80.0,-80.0,-80.0,-80.0,-80.0,-80.0,-80.0,-80.0,-80.0,-80.0,-80.0,-80.0,-80.0,-80.0,-80.0,-80.0,-80.0,-80.0,-80.0,-80.0,-80.0,-80.0,-80.0,-80.0,-80.0
-80.0,-80.0,-80.0,-80.0,-80.0,-80.0,-80.0,-80.0,-80.0,-80.0,-80.0,-80.0,-80.0,-80.0,-80.0,-80.0,-80.0,-80.0,-80.0,-80.0,-80.0,-80.0,-80.0,-80.0,-80.0,-80.0,-80.0,-80.0,-80.0,-80.0,-80.0,-80.0,-80.0,-80.0,-80.0,-80.0,-80.0,-80.0,-80.0,-80.0,-80.0,-80.0,-80.0,-80.0,-80.0,-80.0,-80.0,-80.0,-80.0,-80.0,-80.0,-80.0,-80.0,-80.0,-80.0,-80.0,-80.0,-80.0,-80.0,-80.0,-80.0,-80.0,-80.0,-80.0,-80.0,-80.0,-80.0,-80.0,-80.0,-80.0,-80.0,-80.0,-80.0,-80.0,-80.0,-80.0,-80.0,-80.0,-80.0,-80.0,-80.0,-80.0,-80.0,-80.0,-80.0,-80.0,-80.0,-80.0,-80.0,-80.0,-80.0,-80.0,-80.0
-80.0,-80.0,-80.0,-80.0,-80.0,-80.0,-80.0,-80.0,-80.0,-80.0,-80.0,-80.0,-80.0,-80.0,-80.0,-80.0,-80.0,-80.0,-80.0,-80.0,-80.0,-80.0,-80.0,-80.0,-80.0,-80.0,-80.0,-80.0,-80.0,-80.0,-80.0,-80.0,-80.0,-80.0,-80.0,-80.0,-80.0,-80.0,-80.0,-80.0,-80.0,-80.0,-80.0,-80.0,-80.0,-80.0,-80.0,-80.0,-80.0,-80.0,-80.0,-80.0,-80.0,-80.0,-80.0,-80.0,-80.0,-80.0,-80.0,-80.0,-80.0,-80.0,-80.0,-80.0,-80.0,-80.0,-80.0,-80.0,-80.0,-80.0,-80.0,-80.0,-80.0,-80.0,-80.0,-80.0,-80.0,-80.0,-80.0,-80.0,-80.0,-80.0,-80.0,-80.0,-80.0,-80.0,-80.0,-80.0,-80.0,-80.0,-80.0,-80.0,-80.0
-80.0,-80.0,-80.0,-80.0,-80.0,-80.0,-80.0,-80.0,-80.0,-80.0,-80.0,-80.0,-80.0,-80.0,-80.0,-80.0,-80.0,-80.0,-80.0,-80.0,-80.0,-80.0,-80.0,-80.0,-80.0,-80.0,-80.0,-80.0,-80.0,-80.0,-80.0,-80.0,-80.0,-80.0,-80.0,-80.0,-80.0,-80.0,-80.0,-80.0,-80.0,-80.0,-80.0,-80.0,-80.0,-80.0,-80.0,-80.0,-80.0,-80.0,-80.0,-80.0,-80.0,-80.0,-80.0,-80.0,-80.0,-80.0,-80.0,-80.0,-80.0,-80.0,-80.0,-80.0,-80.0,-80.0,-80.0,-80.0,-80.0,-80.0,-80.0,-80.0,-80.0,-80.0,-80.0,-80.0,-80.0,-80.0,-80.0,-80.0,-80.0,-80.0,-80.0,-80.0,-80.0,-80.0,-80.0,-80.0,-80.0,-80.0,-80.0,-80.0,-80.0
-80.0,-80.0,-80.0,-80.0,-80.0,-80.0,-80.0,-80.0,-80.0,-80.0,-80.0,-80.0,-80.0,-80.0,-80.0,-80.0,-80.0,-80.0,-80.0,-80.0,-80.0,-80.0,-80.0,-80.0,-80.0,-80.0,-80.0,-80.0,-80.0,-80.0,-80.0,-80.0,-80.0,-80.0,-80.0,-80.0,-80.0,-80.0,-80.0,-80.0,-80.0,-80.0,-80.0,-80.0,-80.0,-80.0,-80.0,-80.0,-80.0,-80.0,-80.0,-80.0,-80.0,-80.0,-80.0,-80.0,-80.0,-80.0,-80.0,-80.0,-80.0,-80.0,-80.0,-80.0,-80.0,-80.0,-80.0,-80.0,-80.0,-80.0,-80.0,-80.0,-80.0,-80.0,-80.0,-80.0,-80.0,-80.0,-80.0,-80.0,-80.0,-80.0,-80.0,-80.0,-80.0,-80.0,-80.0,-80.0,-80.0,-80.0,-80.0,-80.0,-80.0
