ID,selling_price
0,2026925.2335000015
1,472786.7094999998
2,7088154.447749998
3,229723.44124999992
4,113751.7495
5,532595.2997500004
6,160750.30599999992
7,3451550.0970000015
8,4572359.9114999985
9,211032.40099999995
10,161993.38525000005
11,458755.1784999996
12,507777.1057499999
13,733303.8222499997
14,3983401.7907500025
15,356315.0857500001
16,151257.82025
17,1306561.1655000004
18,761807.9812500003
19,464324.4624999999
20,882372.3507500002
21,1001759.8777500001
22,6701524.487500003
23,154803.27899999995
24,4599512.751000001
25,762984.5842500003
26,256269.27625000008
27,1968992.635999999
28,1153323.8604999997
29,879390.6967499991
30,69352.33950000002
31,143521.3392499999
32,511613.05000000016
33,4881901.369750009
34,4815595.072499995
35,9003537.370499996
36,333854.4124999999
37,409656.66099999985
38,175474.0887500001
39,269175.5902500001
40,9386788.190000003
41,4505076.823000002
42,154196.34700000004
43,603122.0552500003
44,2906316.1047500013
45,104777.49475000001
46,84185.16850000001
47,1107506.67475
48,260361.2339999996
49,779987.2824999995
50,162824.7275000001
51,1245975.4474999998
52,930568.7399999995
53,525712.3727500004
54,4759660.6285
55,371213.7589999999
56,154494.7194999999
57,4528896.600750001
58,3386497.50525
59,795919.3945
60,555679.1025
61,4116402.418000006
62,6628365.285000001
63,2170197.9
64,107899.68075000001
65,592495.5619999997
66,1348815.1492499993
67,123439.77124999998
68,5698393.994499997
69,204965.71624999997
70,9011258.605249997
71,867586.0527500008
72,491038.55025000015
73,720271.0242500012
74,7027684.337249999
75,8966648.07824999
76,4863388.198249997
77,4226249.560750004
78,400044.8029999996
79,3785152.7797499984
80,690106.1184999995
81,5380075.229250001
82,226352.46475000013
83,1241441.740249999
84,5774056.329500003
85,268029.72074999986
86,5305047.321999997
87,248752.45474999992
88,3411804.6129999994
89,208015.21200000015
90,4167187.1789999963
91,1025508.7797500007
92,213948.51425
93,424385.3600000001
94,2377942.560749999
95,2371714.9767500022
96,401531.63275000034
97,6077568.940249995
98,254441.34175000002
99,3572394.67875
100,9156728.924499998
101,1247567.8754999992
102,5292862.565749997
103,573822.7294999999
104,2742011.0110000013
105,7320718.623000003
106,305235.6097499999
107,5015511.431999997
108,1155770.4555000002
109,6962717.091249997
110,7509261.10975
111,137416.84350000005
112,4740831.176500004
113,5077077.950249994
114,2024995.2275
115,124732.53075
116,4353638.342749999
117,3645312.637249997
118,302026.73250000004
119,956259.9764999988
120,2855988.3202500017
121,2743974.8685000013
122,1082695.9047499993
123,722109.1077500001
124,5710283.990750004
125,3632941.1667500027
126,102238.5575
127,184975.21549999996
128,2076976.4627499992
129,467830.77499999985
130,4272431.985500002
131,669234.534499999
132,2220779.44
133,9179092.394499997
134,4677040.327750004
135,1001872.4632500001
136,5102072.954000002
137,449645.6309999997
138,85644.67575000001
139,922879.9620000005
140,2416253.204500003
141,571657.8124999995
142,69902.266
143,4646569.3805
144,261196.3317499999
145,9098550.771249995
146,847524.4972499999
147,2976244.3362500025
148,232879.53275000007
149,114236.43375
150,222558.06924999988
151,893248.8910000003
152,219873.508
153,301289.00375000073
154,5485333.954000004
155,286703.7282499997
156,142533.36824999997
157,478780.3057500002
158,70570.87775000001
159,152508.10950000002
160,198324.66174999997
161,2626181.6032500016
162,2204045.619499999
163,740382.6412499994
164,114550.26199999997
165,956356.27675
166,7352291.547750001
167,371547.0162500001
168,3681583.136500001
169,957084.0212500001
170,2806683.4047500007
171,2654995.123499999
172,842591.2912499997
173,149409.9999999999
174,601587.8707499993
175,9255428.931750007
176,93772.14374999996
177,509474.25574999995
178,6863387.092999996
179,148507.78024999998
180,282153.82649999997
181,190194.7744999999
182,2311033.077750001
183,5028315.6637499975
184,295726.0542500004
185,4410773.7597499965
186,293312.0135000002
187,1186341.5395000004
188,4221415.031000001
189,226821.2950000001
190,130188.77175000001
191,7207093.613749997
192,242825.54674999998
193,5375851.957249992
194,3717141.783499999
195,126650.33175000001
196,949905.1022500009
197,729134.0215000004
198,216342.28349999993
199,2134513.6327500003
200,116804.17324999998
201,89259.25275
202,142334.62050000005
203,216460.93500000003
204,539465.5087499999
205,3434333.6387499976
206,2474821.385250001
207,684513.6532500002
208,4068889.1690000016
209,4010093.673749998
210,4263082.257249995
211,4941008.517249996
212,108155.03549999998
213,6808590.669000011
214,108313.90324999999
215,140902.89975
216,121740.28925
217,191507.19575000004
218,9122569.825250007
219,711499.2117500001
220,4858496.911000003
221,62570.39450000001
222,1095306.9494999999
223,405561.9220000002
224,2956551.7559999996
225,598585.1770000003
226,116479.48825
227,6990331.065250001
228,6603951.992499999
229,6724201.393750006
230,135550.49750000003
231,226227.4675
232,182659.08025000006
233,1252221.5332499994
234,372027.1620000001
235,264634.7392499999
236,110836.47375
237,5891583.537999996
238,5698387.681500001
239,160079.76250000007
240,7044339.653499999
241,567722.8024999999
242,7551583.950499993
243,9191556.367999999
244,998139.4199999995
245,1296734.7039999992
246,315674.56649999984
247,669891.5057499995
248,9233420.700999998
249,264803.1369999999
250,2654171.9505000026
251,3997911.149250002
252,96051.39025000003
253,422425.1070000002
254,7568382.917750001
255,143915.90224999998
256,284593.21725000016
257,5061208.194749992
258,9370385.37800001
259,1023153.9725000005
260,724191.8992499998
261,380908.8477499999
262,6978117.153250001
263,6571285.710499997
264,4120472.033749999
265,552292.280999999
266,553520.3135000003
267,86582.43699999999
268,214133.70474999966
269,159546.52449999997
270,3610856.0800000024
271,3783289.4945000005
272,614848.2707499999
273,148471.5845
274,158954.68275
275,108902.71974999997
276,2541536.8607499986
277,791607.436249999
278,274246.71149999986
279,401805.03249999986
280,111479.16824999996
281,4476639.899750004
282,236765.95749999993
283,2449044.2612500037
284,172766.10975000018
285,5243928.211500004
286,879832.4339999992
287,598695.6887499997
288,1299565.9002500004
289,229780.7240000001
290,289016.70050000004
291,4575132.525500002
292,172511.27449999994
293,2733170.0220000013
294,957592.8100000004
295,248360.64775000003
296,1111121.472500001
297,5999228.180499998
298,8869199.409249993
299,199831.64225000006
300,825648.6517500007
301,342760.3890000004
302,4234631.881
303,134795.63799999998
304,183570.14300000013
305,2272028.8795000003
306,185344.02925000008
307,2258777.579249997
308,1114835.1867499994
309,1318497.76175
310,541043.6680000003
311,3654133.5007499997
312,317605.2615000003
313,771627.4982500003
314,360370.7587499999
315,251868.6065000001
316,121911.04575
317,99428.67074999998
318,1104606.105499998
319,867493.4412499998
320,806224.3097499989
321,6933240.212000004
322,802183.8187499992
323,350694.18999999994
324,133097.19250000006
325,760834.5187499997
326,5063622.74325
327,142697.97624999998
328,4945439.144749998
329,91224.64149999998
330,661202.5795000003
331,537814.8604999998
332,402165.31450000004
333,202631.20275
334,5873366.282999998
335,196349.15899999984
336,100190.62449999998
337,104875.30425000004
338,112497.79349999997
339,4775925.850250006
340,5248131.509249991
341,3150458.2069999985
342,4351816.134750001
343,325596.4112499999
344,253482.82099999962
345,184121.11400000003
346,897438.7647499995
347,6868726.03975
348,339698.9327499999
349,433787.30374999956
350,810920.6975000002
351,309191.59524999984
352,4171121.0427499954
353,112690.3735
354,327383.6079999998
355,418301.97074999986
356,2664232.788249996
357,413463.4355
358,243110.24525000024
359,4198089.469000004
360,2543301.0342500033
361,1138778.2457499986
362,733577.5942499995
363,272569.2357499999
364,4171312.618250001
365,580176.9600000004
366,476942.4767500006
367,2160917.566249999
368,848243.7645000007
369,7311058.466250002
370,253290.17675000013
371,360972.54824999964
372,1304538.0367500002
373,109457.57924999995
374,122724.17325
375,969228.3352499998
376,843355.0132500014
377,64848.44774999999
378,2941444.530250001
379,3395212.4837499987
380,81336.92450000001
381,96452.15399999998
382,513650.25049999944
383,890088.9147500002
384,3731195.912999999
385,4423355.3955
386,2622208.631500003
387,352330.17575000005
388,852796.9025000005
389,263032.6927500001
390,3780063.41175
391,5066249.509999996
392,108735.68475
393,316785.8212499999
394,276122.2165
395,3711972.930750003
396,705385.5127499999
397,172661.56700000007
398,2912215.5974999988
399,340718.0817500001
400,3632580.48575
401,2803389.7202500002
402,3722251.0197499976
403,7156267.178999993
404,487239.12325
405,4865051.6690000035
406,6857104.764500004
407,1142109.0225000011
408,181017.8782500001
409,7041119.388750004
410,310566.1307500001
411,950398.8859999998
412,4460967.391500007
413,222621.47100000005
414,126569.15050000003
415,558529.4914999999
416,60551.754749999986
417,4065396.511249996
418,270903.5695
419,969822.6904999997
420,2065630.8055
421,155367.87174999996
422,376061.5310000001
423,4775911.052999996
424,686126.0487499998
425,305672.1329999999
426,128222.02925
427,865967.46575
428,6816295.551250001
429,3676765.0929999994
430,86140.20524999998
431,197788.413
432,251391.99124999988
433,182381.17699999988
434,9417872.812500002
435,4269378.6944999965
436,4683615.429999998
437,477047.4452499998
438,87538.75225000002
439,390192.09625000024
440,256266.8282500001
441,781315.9732500003
442,801363.1092500001
443,4173371.431
444,407274.4564999997
445,9311257.583000015
446,860441.7079999999
447,260804.49549999993
448,326378.2850000003
449,113280.82075
450,4800078.280000002
451,8850037.202749994
452,3648736.5097500044
453,351228.4660000003
454,123969.69724999994
455,4333231.779749999
456,904413.0915000003
457,2853738.6997500006
458,4097955.66075
459,383325.5205
460,425830.51425000024
461,2385526.4624999985
462,130219.05925000002
463,2502485.2185000014
464,7293413.404499995
465,1184173.1365
466,137285.42825000003
467,6793977.754749999
468,4478948.802499999
469,149746.41524999985
470,4739524.130000001
471,140280.84825000004
472,4148397.7222500015
473,644082.9942500001
474,9070305.531999994
475,2668405.1137499986
476,854622.8967499998
477,6613504.424749996
478,4861308.248499999
479,823127.1592500003
480,148518.54775000003
481,137953.87025000004
482,2991703.5900000012
483,991405.0137499997
484,621642.0392500004
485,390935.6717499999
486,845044.7132499999
487,680704.3067499995
488,366717.6497499998
489,2476161.069999999
490,119751.00924999999
491,7671562.40074999
492,267611.30275
493,5056647.8205
494,274968.5760000001
495,1164528.1675000014
496,1187216.3529999997
497,417264.9345000003
498,4473488.09825
499,320145.9465000001
500,5929513.580500004
501,5610306.025499997
502,4155103.2375000035
503,399618.77849999955
504,2135030.018249999
505,152681.8732500001
506,6726503.613749999
507,183364.02249999988
508,164852.7407499999
509,185831.33325000003
510,129304.82275000008
511,164670.094
512,203265.20750000014
513,505292.26075000025
514,97398.29275000001
515,382906.2942499999
516,9131434.616750004
517,1302828.3169999993
518,3728948.050749998
519,5491409.550750001
520,2548883.286250002
521,5430231.931000003
522,646803.0742499998
523,7153184.516000004
524,3649176.2927500005
525,3060136.4287500023
526,4178244.3207499995
527,344139.03774999967
528,515752.8312500005
529,224389.3054999998
530,2270927.938250001
531,2682364.663750002
532,371672.9320000002
533,2468661.1970000025
534,708383.2267500003
535,383764.9469999999
536,338067.1145000001
537,130495.34425000002
538,1053499.30375
539,6678317.030750003
540,1069783.3787500004
541,259223.6317499998
542,197415.80224999998
543,7523905.65875
544,619031.5037499997
545,622622.4190000003
546,150762.9115
547,6832477.191749995
548,179888.48300000012
549,4366578.195249998
550,5563846.423750004
551,492297.0742500001
552,318671.2892500001
553,452742.23524999974
554,264404.8907500001
555,868612.2152499998
556,200474.93874999997
557,181419.0745000001
558,2688805.1472500023
559,4638295.741249997
560,521720.02074999997
561,7011227.093249999
562,333766.16024999996
563,9367649.897500005
564,436576.89625000017
565,194246.93475
566,220978.23874999984
567,541080.7574999997
568,85458.50575000001
569,876781.1632499998
570,121560.12749999999
571,3897767.0782499993
572,812965.3127499999
573,635052.5152499997
574,122383.39724999985
575,952781.1600000006
576,674036.8305000003
577,580695.0595000002
578,210856.91849999994
579,9073612.187500002
580,157578.43975
581,3642296.8139999993
582,8933682.20625
583,858441.3027499996
584,3807852.6217500013
585,2950766.6572500016
586,941402.9260000016
587,90978.92599999999
588,4537411.8767500045
589,5259250.948250001
590,353863.7757499998
591,232993.01800000013
592,7456244.490250003
593,9426626.963999994
594,7125808.076749996
595,647524.9902499997
596,799773.4469999991
597,543500.6715000002
598,235047.8969999999
599,970471.396000001
600,692363.20425
601,779463.3764999999
602,372140.36750000005
603,1168175.6472500002
604,496666.15275000106
605,302694.0945000005
606,609233.7332499999
607,4662450.005000002
608,6676693.443499994
609,9418805.195750006
610,939997.5937499999
611,5175862.289499999
612,184015.79899999994
613,466545.1204999992
614,143381.39700000008
615,226645.53649999996
616,741636.0665
617,220474.83600000016
618,1237952.5357499989
619,5395868.471250003
620,111350.79274999996
621,428458.60975
622,552533.6407500004
623,4642547.883499998
624,340395.4564999997
625,167499.57275000002
626,117896.01049999997
627,116200.10775000002
628,363736.63574999996
629,5227178.490749994
630,132439.83599999995
631,105208.64449999998
632,870041.8672499995
633,2640809.324250002
634,773724.1244999997
635,7417317.101
636,4502914.85475
637,333905.45749999984
638,350059.1877499997
639,7518348.722999994
640,4778822.8599999985
641,4275615.303750002
642,5480625.517749995
643,850651.7915000004
644,4822626.726000005
645,132990.17599999998
646,99168.38074999995
647,878185.2577499998
648,135751.75974999997
649,1116319.1392500014
650,651419.8442500004
651,265310.30875
652,117481.79025000006
653,87510.32024999999
654,455297.0890000007
655,248473.74100000015
656,240587.1157499999
657,5237761.300499987
658,1098465.3439999998
659,234990.80749999997
660,285454.82224999956
661,5786022.93674999
662,6182743.613999998
663,143445.78149999995
664,7282466.195249997
665,756174.1720000007
666,210799.74324999988
667,644851.7762500008
668,129505.64699999997
669,124915.61249999994
670,784045.4267499999
671,912027.7547499998
672,5404746.332499999
673,228228.29649999994
674,814034.8027499992
675,468204.38199999963
676,484750.49499999994
677,5113048.855
678,343007.5760000003
679,198318.87775000007
680,158640.19400000002
681,5981552.311499991
682,329188.82950000005
683,4449832.3319999995
684,9231168.7935
685,79248.84349999997
686,485377.67225000047
687,602894.6154999998
688,276203.7654999999
689,357771.84524999984
690,467746.1969999996
691,206485.64075000008
692,477458.22124999965
693,436896.5385
694,4612476.426000002
695,165311.88474999997
696,397616.1499999999
697,187103.23825000005
698,235744.49725
699,3287899.0242500007
700,282868.94499999995
701,136826.19300000006
702,178055.83849999998
703,1016821.48
704,7203327.747749992
705,7230695.477750001
706,650761.30125
707,368293.29600000003
708,172519.18049999996
709,125128.89725
710,160650.72900000002
711,170329.05300000007
712,5266063.684999995
713,120938.88399999999
714,5128050.154499996
715,491339.8882499999
716,152271.77875
717,84166.31099999997
718,183265.61125
719,181792.26925
720,3516721.8350000028
721,4229948.157500002
722,718125.1179999992
723,5881882.19375
724,565268.5570000004
725,678332.2772499999
726,497666.9004999997
727,830302.2327500003
728,63014.22799999999
729,199350.9332499999
730,718233.5049999999
731,282999.1212500003
732,103259.97874999998
733,111440.24999999996
734,259895.78974999997
735,1303462.115249999
736,6869866.190249996
737,490476.79675000027
738,566990.9602499998
739,5659864.263250003
740,368075.6092499997
741,2306817.319750001
742,355879.22424999974
743,1056987.0452499995
744,1094307.7957500003
745,5951586.700249995
746,7109676.5695
747,4526897.62825
748,2605309.6637499975
749,882031.6837499999
750,425206.1692499998
751,2192509.1887500007
752,9464852.819499997
753,2983745.8587499987
754,112391.50299999998
755,376503.0034999999
756,225212.06224999993
757,251717.9240000001
758,812722.5184999998
759,4739411.467250005
760,786753.7215000001
761,4558270.158250001
762,4570364.233499995
763,2297722.5204999982
764,353477.22074999986
765,167699.95875000005
766,167084.76950000014
767,1071876.9712500004
768,263538.41550000006
769,298725.02200000035
770,597012.816
771,996732.8914999998
772,544115.0589999997
773,383160.25825000013
774,153900.93775
775,449734.42949999997
776,4417172.3865
777,684987.3419999992
778,833218.1232499998
779,113163.77000000003
780,249444.31300000017
781,2458336.8715000004
782,183869.45824999988
783,2603720.9467500024
784,2399039.983999998
785,493496.55874999956
786,852704.1115000002
787,373177.9892499998
788,115452.28124999999
789,118129.57475
790,329410.77099999995
791,4179178.652000007
792,775565.0572500002
793,330440.5409999998
794,6648390.851499996
795,157102.49325
796,266483.4027500001
797,5672991.918999997
798,2477378.002749997
799,365212.00474999985
800,222439.5235
801,4496320.573000001
802,5689020.620000005
803,7386810.4567499915
804,516468.1605000001
805,341536.8307499999
806,416505.80300000036
807,4683506.434749999
808,830704.8135000003
809,107387.88175
810,5164087.866499993
811,156511.385
812,282907.57700000005
813,221638.18799999997
814,88586.42574999998
815,529966.9887499999
816,287058.6947499999
817,6029384.663499997
818,630109.8945000005
819,718843.3125000006
820,453323.93025000003
821,2272089.1024999972
822,9434904.373499995
823,2564924.736249998
824,5329495.441500001
825,384215.5157500002
826,111812.59774999999
827,879721.5460000001
828,93622.93975000002
829,527235.5642499997
830,198274.25050000008
831,460288.0972500002
832,103753.24725
833,640493.1062499997
834,152661.98625000016
835,1149477.5157500007
836,5319374.9870000025
837,960485.4867499999
838,129266.53700000001
839,118194.61950000002
840,4317507.50775
841,4941624.917250003
842,2649275.24875
843,3030559.079249999
844,225075.05249999996
845,872013.651249999
846,312333.2009999999
847,159009.12850000005
848,5038137.7852500025
849,205952.71149999995
850,7069382.084500004
851,466356.50300000014
852,230265.93200000026
853,137278.57924999998
854,315425.3669999998
855,82612.79675
856,102689.32225000001
857,2904399.6772499993
858,130636.10824999996
859,115140.43825000005
860,429845.39975000004
861,278724.47675000003
862,5698803.619249994
863,148687.42574999997
864,215090.56100000013
865,1306304.3177500009
866,5738821.600000002
867,350604.8684999996
868,163885.95649999997
869,6912650.90600001
870,5571153.045
871,5598916.099999995
872,8962119.273749996
873,161850.21149999986
874,170877.09850000002
875,107958.97649999999
876,118064.11949999991
877,487647.49450000026
878,8990604.82249999
879,253716.56925000012
880,744721.1032499996
881,467827.8862500003
882,2048229.011999998
883,4974997.463999992
884,5017164.115750005
885,499055.17024999956
886,845029.5857500003
887,5149565.681750003
888,106471.73424999996
889,3737878.871000002
890,5169691.754999998
891,621926.0857500002
892,2082981.0129999998
893,435268.15625
894,3048768.493750002
895,2981471.452250001
896,315901.34674999974
897,681609.2117499998
898,734605.9227499992
899,2471301.5399999996
900,633716.19425
901,6995095.443250003
902,279702.74574999977
903,7449138.722749996
904,232689.79624999978
905,522188.7030000003
906,2598375.4459999995
907,191270.47324999998
908,176036.30625
909,351632.34649999975
910,320277.1895000001
911,525300.9070000001
912,916245.4134999993
913,339031.30899999983
914,4559413.020500004
915,199019.07174999997
916,6928701.353000001
917,783494.485
918,3849429.1274999995
919,360104.17300000007
920,4524124.8827500045
921,1967419.8887499988
922,260963.50799999994
923,4023736.631749996
924,119319.80624999997
925,1226369.3477499997
926,2554666.119250003
927,156888.21549999985
928,111120.373
929,100420.95675000001
930,2484871.5412500002
931,5805153.820250001
932,130606.50825000003
933,345759.59525
934,9186087.83275
935,147334.35575000002
936,156931.79849999998
937,6528934.877749996
938,4608414.550750002
939,381894.9480000001
940,209486.8550000001
941,94195.94175000001
942,4130583.899500003
943,2620818.5127500007
944,9281490.236749995
945,287568.2209999999
946,108347.03175000007
947,144590.83850000004
948,209402.54975
949,345269.9252499999
950,3827105.365499999
951,4647777.269499994
952,6979465.574999996
953,459905.9027500001
954,380502.78575000004
955,4003134.821999997
956,875891.2605000004
957,477052.45649999956
958,285225.4440000002
959,4078802.060750005
960,89587.19050000001
961,104241.40275000004
962,5475439.096750002
963,898754.5932500006
964,649654.5579999998
965,9556684.780749999
966,341881.2722499995
967,4637176.4379999945
968,113918.66774999998
969,781621.1787499995
970,395452.05424999975
971,611564.8185000003
972,6595336.407500007
973,946031.814
974,7465334.153499999
975,499646.6805000005
976,714217.7112499998
977,1227802.0177499994
978,903574.3172499998
979,74500.81549999998
980,849685.458
981,158594.90300000005
982,516523.7762500003
983,66274.836
984,483808.13449999987
985,3806212.112249998
986,7048359.962000001
987,2279671.0367500023
988,858543.8817500005
989,2559292.0877500013
990,7234424.210249995
991,1195531.7934999994
992,1159531.4777499991
993,319217.0632499999
994,5385622.293500011
995,5812899.63125
996,2561632.2302499996
997,189574.24249999996
998,177564.37625
999,4749522.801250001
1000,379853.53250000015
1001,1199479.7645000021
1002,4614586.465250001
1003,432177.63574999996
1004,2469489.7927499996
1005,80973.69799999997
1006,115790.82725
1007,1187755.5707499988
1008,3032916.4542499995
1009,281466.77050000004
1010,404308.6317499999
1011,230428.49075
1012,4966888.631000001
1013,103418.96124999998
1014,847769.5209999995
1015,136488.49974999993
1016,414448.26449999993
1017,94161.97525
1018,4751321.560499996
1019,419860.38524999976
1020,130133.61000000002
1021,5492928.203000001
1022,368441.99199999997
1023,346873.68699999974
1024,1290494.086749999
1025,5704606.048000005
1026,479938.71349999995
1027,468646.67799999984
1028,134188.39000000004
1029,376185.53425
1030,214925.36175000013
1031,2983037.5975000025
1032,9350037.39925
1033,1151568.2415000007
1034,187034.81924999997
1035,408660.0187499999
1036,9337297.895749994
1037,759724.083
1038,161597.7135
1039,84196.7635
1040,149051.15399999992
1041,4538065.680500004
1042,5465141.924250001
1043,254914.85875000007
1044,967640.8962499994
1045,629852.7224999997
1046,3635645.58625
1047,127083.45174999992
1048,946516.0385000004
1049,460724.9250000002
1050,328746.5240000002
1051,99635.7755
1052,254538.63574999993
1053,9425618.119
1054,6669948.238999994
1055,346600.2784999998
1056,238712.2739999998
1057,120091.94550000003
1058,269012.5759999999
1059,134867.01324999976
1060,4928116.426999998
1061,6915847.762750005
1062,934049.1722500003
1063,414585.01675000036
1064,573225.1172499999
1065,6959135.649249997
1066,414621.9474999997
1067,282039.2720000001
1068,2154177.8935000035
1069,911998.4892500001
1070,603906.185999999
1071,2789951.8377500013
1072,357974.00525
1073,903143.2157500007
1074,130381.54175000003
1075,4846229.648749998
1076,4666676.862250008
1077,250461.60250000007
1078,7253906.768500001
1079,1063340.7082499987
1080,784880.8442499995
1081,3103761.3607500023
1082,128535.47925000003
1083,567869.3012500007
1084,3510234.6237500017
1085,7025854.975249997
1086,3162601.8207499976
1087,303435.5615
1088,319680.8477499999
1089,845681.2052500003
1090,7008191.347000003
1091,6663920.655999998
1092,254008.26200000002
1093,478883.9877499996
1094,110848.74725000003
1095,255549.36350000006
1096,120882.08950000003
1097,3913875.5477499976
1098,310529.08125000005
1099,152496.15999999997
1100,375431.6187500003
1101,287857.40149999986
1102,394286.0292499995
1103,317378.4525
1104,3833752.836
1105,295692.4794999999
1106,111324.56774999999
1107,123660.97649999996
1108,1048185.2747499996
1109,569651.8282499999
1110,258118.52225
1111,2890339.2392500024
1112,84044.85849999997
1113,308709.89475000015
1114,158616.03850000002
1115,6159119.212499997
1116,323694.9677500001
1117,1199485.7742500002
1118,1193425.8214999998
1119,291611.1809999999
1120,336371.67025000014
1121,343789.37299999996
1122,173084.44200000004
1123,273471.1564999998
1124,5471589.862499998
1125,761987.46225
1126,4851681.637999996
1127,5532426.487499999
1128,7408720.749500001
1129,266575.59349999996
1130,333681.65574999957
1131,103842.59425000004
1132,695377.2847500003
1133,2461744.441499999
1134,285084.22625
1135,2916761.639000001
1136,61001.506250000006
1137,262665.5389999998
1138,117801.183
1139,4695286.202999997
1140,317256.57274999993
1141,1074973.6707499998
1142,9297633.477250006
1143,4404688.224500001
1144,7023589.4067499945
1145,637208.5545000002
1146,4544223.932500001
1147,189591.13775000005
1148,5001975.151999996
1149,6826837.852999994
1150,7451933.968999998
1151,216025.87249999994
1152,146358.11575000003
1153,802463.6082500003
1154,264002.9127500003
1155,144555.576
1156,2354379.5677500013
1157,166190.8694999999
1158,240065.53049999976
1159,171948.80424999993
1160,413225.33725000016
1161,3713677.029749998
1162,823690.9794999996
1163,3129411.6790000023
1164,7160108.3379999995
1165,3641849.083750004
1166,3718616.8024999993
1167,3825848.817750001
1168,235037.09074999977
1169,2911405.298749996
1170,936761.0865000008
1171,4732077.659499994
1172,107869.85649999995
1173,9489358.862000002
1174,2192581.161500001
1175,375357.5032499996
1176,153475.46874999997
1177,1993593.7872500005
1178,4231017.723749993
1179,6972596.308749998
1180,1253264.5437500023
1181,4176851.795249999
1182,3609392.3704999965
1183,139192.89224999998
1184,374245.5135000001
1185,484733.9792499999
1186,1306627.3234999985
1187,641020.9809999998
1188,5802056.013
1189,3316886.9007500005
1190,624647.6635000001
1191,6054589.931249998
1192,780705.91725
1193,228603.93475
1194,4564309.176
1195,230411.91525
1196,2271414.86975
1197,5881823.759499997
1198,7068852.378500005
1199,189565.71299999987
1200,5975131.5967500005
1201,4431100.219250001
1202,179973.0872500001
1203,367441.44250000006
1204,235569.66425
1205,2508674.265749998
1206,6836199.420500006
1207,3087890.903499999
1208,980818.6497499994
1209,2629213.5214999965
1210,734014.3164999991
1211,3638814.567500001
1212,297542.7582500002
1213,207102.96475
1214,181138.5525
1215,3914394.002249999
1216,3488399.417750005
1217,561904.8607499996
1218,120521.52649999996
1219,554307.0957499995
1220,7306981.978249996
1221,5025069.075000002
1222,93091.19950000002
1223,1404462.107499999
1224,213674.5845000001
1225,966883.9782499986
1226,4573934.317750001
1227,4639371.7744999975
1228,129412.48499999999
1229,3766137.6445000037
1230,5874885.269000002
1231,4991320.746749999
1232,4149779.040750003
1233,700943.18375
1234,6711520.557750007
1235,364290.63425000006
1236,410805.82824999996
1237,224854.26449999987
1238,3845242.483000004
1239,135186.45599999998
1240,7539884.7284999965
1241,115605.18124999998
1242,465917.8705000004
1243,8988353.461249992
1244,98722.36725
1245,5016685.982500003
1246,166483.0942500001
1247,7489564.68099999
1248,307833.8627499999
1249,204995.40550000005
1250,670032.6437499998
1251,575777.0352499993
1252,6909815.070999994
1253,760285.6392500001
1254,174686.357
1255,7472473.314750006
1256,387100.7752500006
1257,318459.47699999984
1258,5852991.7965
1259,366565.56249999994
1260,366089.72025000013
1261,2911983.602000001
1262,5459164.011749999
1263,1138514.5335000004
1264,212727.75724999994
1265,260421.0445
1266,93480.04574999999
1267,2930474.983500001
1268,175525.46774999995
1269,2472586.842750001
1270,679724.3775
1271,440454.2382500001
1272,2185586.589500001
1273,4880613.972499997
1274,270778.74974999984
1275,498016.0722499995
1276,884330.5959999997
1277,4420645.889249998
1278,2455004.675500002
1279,8858356.500500016
1280,6682974.559999998
1281,79161.09325
1282,205016.41975000012
1283,248009.14600000015
1284,5842161.621999993
1285,5239257.535500002
1286,371593.6472499998
1287,9175443.609500004
1288,67332.49325000001
1289,9326271.930249985
1290,302112.0559999997
1291,160248.40800000008
1292,315769.57649999973
1293,5477299.597500004
1294,407566.7999999999
1295,498375.72199999966
1296,3744586.7720000003
1297,1248345.3742499992
1298,4440267.578500004
1299,645832.1355000009
1300,811014.18125
1301,541585.3550000008
1302,9302095.55425001
1303,1072103.0864999993
1304,156401.94550000003
1305,470161.99199999974
1306,9300651.66674998
1307,9262602.551999995
1308,2602625.7109999987
1309,473033.97375000006
1310,1119977.3007500006
1311,72888.025
1312,952596.8442499994
1313,4702837.95075
1314,841648.4365000007
1315,225602.392
1316,501011.1512499997
1317,203045.8422500001
1318,231174.6062499998
1319,138554.61574999997
1320,7186889.418500001
1321,271845.85550000035
1322,828678.4252499995
1323,278073.76074999996
1324,190935.31150000019
1325,604707.9382499987
1326,297174.0765
1327,167382.4295
1328,6016186.717749999
1329,3720472.3680000044
1330,508977.169
1331,2048957.7834999985
1332,301697.48250000004
1333,1025072.1152500011
1334,950015.6282499996
1335,170385.113
1336,1193736.2855000002
1337,932324.6032500003
1338,77133.81799999998
1339,464970.8899999998
1340,2625809.0632500015
1341,2357877.9924999997
1342,4877525.842500005
1343,297512.3962499999
1344,163435.97024999995
1345,298776.8420000001
1346,4148345.969249995
1347,3826777.6037499993
1348,5681389.824499998
1349,1036149.775
1350,4070094.0920000016
1351,2193497.7929999987
1352,783745.0905000004
1353,1198084.2685000002
1354,4318606.208749998
1355,126850.28199999998
1356,207414.8187499999
1357,124723.0875
1358,899229.8397500005
1359,3964618.1372499983
1360,9390775.29574999
1361,219544.8499999999
1362,5400016.359749998
1363,504682.1787499993
1364,893794.2767500001
1365,92473.72875000004
1366,286880.4550000001
1367,120565.60874999998
1368,3286012.585000006
1369,758488.1092500001
1370,334035.3477499999
1371,110213.79625000001
1372,2299069.988250002
1373,446050.90625000006
1374,4447280.380000003
1375,113702.03925000003
1376,4892223.979999998
1377,315745.3277500001
1378,627792.7154999998
1379,2421342.708000001
1380,149476.10400000005
1381,9471306.079999996
1382,289883.92175
1383,178064.10349999994
1384,2400234.5045000035
1385,1034016.7997499997
1386,161151.62700000007
1387,3783142.906000001
1388,120826.52325000004
1389,530425.6930000001
1390,548092.6704999995
1391,534320.3045000004
1392,1152041.7284999997
1393,585127.4625
1394,536361.4704999997
1395,339242.8467499997
1396,205723.48900000003
1397,1170433.3230000008
1398,6750686.100000003
1399,411650.4192500001
1400,3384508.297499998
1401,753665.6882499995
1402,570730.1807500005
1403,5298370.513000002
1404,1271464.0325000007
1405,1066289.4049999998
1406,121417.05225000004
1407,4760206.936500001
1408,7141448.078999993
1409,401537.66925000044
1410,732908.8882499996
1411,195250.32574999996
1412,3711707.398499997
1413,5260355.990500005
1414,798183.17825
1415,2308363.9802500024
1416,6068581.959749993
1417,308413.5802499998
1418,398125.8212500001
1419,837744.2510000006
1420,482357.32025
1421,124295.47299999997
1422,209135.20724999983
1423,5059153.561000001
1424,9116673.559499983
1425,848576.5284999991
1426,6920574.744499997
1427,176262.96575000003
1428,130750.34049999986
1429,423529.30775
1430,6889174.723000002
1431,379860.61299999995
1432,322578.47100000014
1433,777898.2377500001
1434,176312.3115000001
1435,130369.32199999999
1436,614426.1812499998
1437,3143459.309749999
1438,375966.03750000015
1439,110204.60675000002
1440,8986226.171749994
1441,5410160.745500007
1442,638327.7374999998
1443,474129.4929999996
1444,424040.9505
1445,106948.04824999998
1446,5036523.499750002
1447,127125.35650000004
1448,788473.1042500001
1449,140006.69875
1450,5329310.930499991
1451,6685735.426750001
1452,1062251.6695000008
1453,5005109.918250007
1454,1300602.7137499996
1455,100799.46975000003
1456,323383.16525
1457,830299.8692499996
1458,5522988.426250003
1459,800550.9972499997
1460,3569558.3104999983
1461,105289.37449999999
1462,97617.98425
1463,3772486.941250001
1464,1003319.9267500011
1465,60999.12899999999
1466,3836324.8007500023
1467,209483.41225000002
1468,157059.64424999998
1469,8883066.06475
1470,5652910.972750003
1471,9362409.029500006
1472,187570.49400000006
1473,949466.36125
1474,791771.9517500001
1475,243871.13124999992
1476,236326.60625
1477,5516874.4547500005
1478,5500956.225499996
1479,214422.2947499999
1480,7116276.655999994
1481,4069400.946750002
1482,3653997.186750001
1483,160587.77875
1484,322109.2465000001
1485,175271.5967499999
1486,390231.16374999995
1487,127684.63350000001
1488,801310.7742500004
1489,4805868.97625
1490,88774.18525000001
1491,550895.0620000006
1492,137800.48325000005
1493,148172.76799999995
1494,7390236.308249997
1495,9033468.129999999
1496,112299.81950000003
1497,386750.78449999995
1498,3472655.1369999982
1499,283660.19625000004
1500,156233.44
1501,193955.87149999998
1502,350633.10324999975
1503,5765261.343749996
1504,208896.17274999994
1505,2432749.628500001
1506,6095856.89275
1507,137803.86825
1508,260526.28925000012
1509,768742.9422500004
1510,254845.31325
1511,153934.95024999988
1512,349998.55250000005
1513,777091.5350000006
1514,106187.19425000003
1515,247260.361
1516,499450.1029999999
1517,349814.833
1518,3870234.7722500013
1519,203508.0742500001
1520,5288001.167000002
1521,7276612.349749996
1522,277004.0995
1523,6768906.922749997
1524,167912.0272500001
1525,932615.0150000005
1526,591635.1462500001
1527,585642.2737500006
1528,4614587.045999998
1529,884843.7860000008
1530,3728325.0092499997
1531,116200.88674999998
1532,6913310.996249998
1533,9395347.51250001
1534,188564.03824999995
1535,5714596.836250003
1536,3689482.023249997
1537,9436360.944500005
1538,648478.28375
1539,2787545.950500003
1540,3012083.634750003
1541,3277610.245999998
1542,9411772.437499998
1543,4216959.683249999
1544,2725559.987500005
1545,371830.90849999984
1546,301129.86999999994
1547,694044.9667499993
1548,4066272.8227499975
1549,176092.42175000015
1550,314181.21450000023
1551,4526947.310250002
1552,6865456.725500004
1553,164454.81475
1554,74692.21200000001
1555,3743895.1207499937
1556,868712.4010000007
1557,976315.1799999991
1558,178177.53500000012
1559,9524582.546250008
1560,794126.6485000001
1561,4936309.901500007
1562,316605.86400000023
1563,2784907.798999999
1564,429574.3587499995
1565,4433097.200750005
1566,289189.94449999975
1567,399876.15900000004
1568,442252.5207499997
1569,2598893.270000002
1570,216849.83049999998
1571,6935194.421500003
1572,512894.0780000002
1573,242396.00675
1574,295774.75525000016
1575,5357853.55549999
1576,408414.9869999999
1577,199890.26899999997
1578,126228.40825000005
1579,249052.79650000026
1580,131195.601
1581,4854197.977750001
1582,71576.243
1583,877627.3457500008
1584,974947.5057499993
1585,5502602.268999998
1586,164988.07274999993
1587,224412.89525000015
1588,371084.8582500001
1589,9058992.624500008
1590,121925.50125000002
1591,252350.80575000015
1592,6985759.756000001
1593,288243.16100000025
1594,7255596.129500001
1595,825701.8377500001
1596,517381.6220000003
1597,374262.2667500002
1598,925823.5914999995
1599,377846.19424999994
1600,2904316.11275
1601,176105.07974999995
1602,173546.97124999986
1603,196135.07599999997
1604,943829.3905000001
1605,1010990.9607499999
1606,268871.2947500002
1607,7256388.717250001
1608,331367.69725000014
1609,3165105.1544999992
1610,2701539.805250002
1611,5552176.781250009
1612,7443575.404249991
1613,385762.34225
1614,494552.54000000027
1615,7045570.912999995
1616,7509261.180250002
1617,1243135.9790000017
1618,323335.2417500002
1619,7260591.989999994
1620,93927.14299999997
1621,464172.20149999985
1622,3277233.058249999
1623,543689.3109999998
1624,128096.94000000002
1625,2637646.6389999967
1626,7368542.346749997
1627,5179957.133250003
1628,375248.81750000006
1629,280901.21150000015
1630,113315.09875
1631,306380.8585000002
1632,803023.3780000003
1633,9013048.810500002
1634,459485.4197500003
1635,6669137.296000007
1636,3731541.8940000017
1637,2681814.974749998
1638,5902444.5157499965
1639,80563.08225
1640,4598474.497250002
1641,117971.25525
1642,177433.8615
1643,93728.71499999998
1644,5991008.6235000035
1645,3803067.4357499965
1646,591500.2634999998
1647,221383.07125000012
1648,2870067.1045000013
1649,7015995.969000004
1650,711488.0087500002
1651,118698.44625
1652,872762.9062500001
1653,498805.81475000037
1654,4223966.041750003
1655,186311.98324999996
1656,272595.30499999993
1657,123337.38624999998
1658,339421.98650000006
1659,183454.09775000007
1660,202340.3417499999
1661,848637.14375
1662,310276.22625000024
1663,188701.15174999993
1664,764971.3722499998
1665,963959.6142500007
1666,328577.8589999999
1667,154821.3095000001
1668,108388.33349999998
1669,345640.3199999998
1670,752576.7690000003
1671,3480949.2984999986
1672,5528716.985000005
1673,1027456.458250001
1674,9443782.9135
1675,199802.66775
1676,219596.38299999989
1677,7449913.037999999
1678,8912005.384749994
1679,377134.95575
1680,97792.12574999999
1681,696367.7289999999
1682,463995.98750000005
1683,716309.2142499997
1684,9052172.121999994
1685,7438758.746749996
1686,636966.61075
1687,231065.7190000001
1688,440144.98749999976
1689,3986004.61975
1690,305286.22624999954
1691,551523.0800000005
1692,210211.9312500001
1693,133691.35674999998
1694,181310.474
1695,6139804.967499997
1696,1028230.5065000008
1697,116430.11750000002
1698,5585686.4810000025
1699,819315.6870000002
1700,7009994.413499998
1701,9098898.007749993
1702,417434.0979999999
1703,3752051.731500002
1704,106225.41574999996
1705,5968743.838250002
1706,453502.6637499998
1707,4105183.387000007
1708,1232824.9512499995
1709,5720466.724499997
1710,2026650.580750002
1711,4831932.350250003
1712,756308.5967499998
1713,321590.6797500001
1714,3548630.347999998
1715,175154.23175000004
1716,488895.4892499997
1717,4678288.043750005
1718,978882.390499999
1719,280581.43425000017
1720,9123043.434749998
1721,598276.6515000002
1722,283408.39324999996
1723,457079.32724999957
1724,325070.33250000025
1725,127242.14300000008
1726,66831.49550000002
1727,3589514.826999999
1728,139533.36825000006
1729,422179.7364999998
1730,2035596.5577499997
1731,4245792.955250001
1732,1970966.4214999995
1733,7067288.129249987
1734,623961.1417500001
1735,1343594.7564999983
1736,7458326.226749999
1737,846843.5389999999
1738,4663331.970250004
1739,5833061.496999996
1740,630528.1817500005
1741,829988.6117500004
1742,5626508.0835000025
1743,5319161.1965
1744,2435492.2082499983
1745,3797123.6584999994
1746,180501.33575000003
1747,284499.6907499998
1748,296513.2854999999
1749,2415300.621499999
1750,9361384.650000006
1751,697279.6695000001
1752,583613.9949999995
1753,4736812.214250001
1754,265221.4582499998
1755,764157.22
1756,288222.43825
1757,696263.6585000004
1758,107936.24175000003
1759,86237.59625
1760,423343.6050000001
1761,1152079.4627499997
1762,304132.4515000001
1763,366556.13299999974
1764,143200.50700000004
1765,5767997.665249999
1766,458754.8160000001
1767,2473174.9317500005
1768,765053.9717500003
1769,141017.33125000002
1770,114619.23324999999
1771,311829.59874999983
1772,149929.08049999998
1773,2356509.1827499997
1774,163150.99525000007
1775,4623411.101999994
1776,4499050.520500003
1777,519555.76699999924
1778,77778.35774999998
1779,2407363.8287500003
1780,141588.1115
1781,527527.6432499997
1782,117684.47050000001
1783,712566.6242500001
1784,863148.9462500002
1785,4243303.518249991
1786,134317.20200000005
1787,728241.00925
1788,2383795.0942500005
1789,198580.35199999998
1790,174272.5337499999
1791,649770.4140000003
1792,462416.7305000007
1793,2851753.3185000014
1794,1301590.2915000007
1795,3680507.8872500015
1796,6048947.746749998
1797,113854.444
1798,137694.75325000004
1799,200050.08025
1800,264599.9317500001
1801,498639.7214999994
1802,2945065.897500002
1803,237523.59875000006
1804,209727.31225
1805,438669.79650000023
1806,359207.44275
1807,6724242.351499999
1808,983762.1042500006
1809,155081.53324999995
1810,253919.73625000005
1811,97884.79225
1812,314786.09474999993
1813,988590.5644999996
1814,3220571.898749999
1815,351847.6847499998
1816,7490817.2177500045
1817,884566.1624999993
1818,405801.0034999998
1819,808923.3794999999
1820,2838254.2949999995
1821,3257966.6840000004
1822,446216.8547499999
1823,621008.8285000002
1824,1430386.2094999996
1825,149221.78075000003
1826,113301.46800000001
1827,1006139.1612499995
1828,136587.64600000004
1829,9359142.43775
1830,3610576.335999998
1831,284553.14000000013
1832,5266935.141749995
1833,254827.49075000014
1834,410026.58174999995
1835,376222.31724999996
1836,310325.7157500001
1837,312310.7697499997
1838,234428.84324999977
1839,2614713.5027500032
1840,94947.89675000001
1841,259944.25550000006
1842,223363.97600000005
1843,419974.72825000004
1844,258173.21799999994
1845,898287.4837500005
1846,261415.1045000001
1847,5530890.179999996
1848,2091211.6882500008
1849,2559365.074500001
1850,408217.87899999984
1851,6169194.8924999945
1852,604775.7205
1853,6693327.306500004
1854,143927.09725000002
1855,77407.49375
1856,615544.5992500007
1857,5403928.165500002
1858,715413.6944999998
1859,357080.3325000001
1860,142498.30174999978
1861,944412.5947499997
1862,487026.12725000037
1863,175578.95325000002
1864,220118.29949999985
1865,119389.90100000003
1866,173305.55925000002
1867,1271471.7365000015
1868,463685.94074999966
1869,439804.25875000027
1870,174820.0447500001
1871,494686.93000000017
1872,3641337.9947499996
1873,6097937.212749999
1874,7307264.596749995
1875,184947.65999999997
1876,5517618.730249998
1877,106509.99874999998
1878,2486403.1587499985
1879,79433.75499999996
1880,220699.08274999988
1881,319528.2884999998
1882,384484.23600000003
1883,214595.50500000003
1884,4404604.984000003
1885,108869.98200000003
1886,585807.2244999998
1887,2259779.670999997
1888,3382987.2757500056
1889,82527.90650000004
1890,203898.3515
1891,6558514.426250003
1892,397483.7012500001
1893,3712876.5875
1894,535557.9307500009
1895,2548682.465000005
1896,431177.3175
1897,131861.44224999996
1898,103013.01224999997
1899,83153.43150000004
1900,166045.55724999993
1901,496599.78899999993
1902,155996.0745
1903,165122.56975000014
1904,9367584.009000001
1905,2367918.688499999
1906,757189.7205000003
1907,208306.1535000001
1908,90421.25
1909,748929.5754999999
1910,4556817.924999998
1911,3973550.0067499964
1912,4751072.3617499955
1913,371759.0127500001
1914,449432.6742499998
1915,546440.0102499999
1916,3120785.4367500036
1917,213656.5142500001
1918,4336936.035499999
1919,358945.71400000027
1920,174387.16575000004
1921,512058.9749999998
1922,4820242.566000002
1923,3669341.6679999996
1924,308760.05000000034
1925,739554.7040000003
1926,105160.08299999998
1927,1045394.2947499999
1928,261393.11475000007
1929,9067135.878249995
1930,5363176.235750001
1931,7209881.322000005
1932,3030444.4340000018
1933,8949805.503999995
1934,3811790.9569999976
1935,5110766.65325
1936,1016658.1892500005
1937,3539015.7409999995
1938,279468.86475
1939,366203.1194999998
1940,154340.947
1941,1112749.1764999998
1942,7271081.512999996
1943,200768.70874999996
1944,8988480.825750003
1945,412100.83674999996
1946,4624787.03575
1947,343927.9434999998
1948,9660652.648000015
1949,4595709.870499994
1950,183351.10525000002
1951,3673050.9574999996
1952,141737.08224999998
1953,173386.31175000008
1954,6662508.195749999
1955,5070337.531999996
1956,223406.44974999985
1957,123864.5825
1958,5345540.242000004
1959,107090.21275
1960,288089.11725000007
1961,896753.0292500003
1962,553523.60675
1963,97100.29475
1964,437542.3659999993
1965,739131.7817500005
1966,183284.49399999998
1967,9436003.875249993
1968,148712.98374999996
1969,103093.3025
1970,104389.57975000002
1971,438601.3702500007
1972,1180822.0375000006
1973,4604878.874750002
1974,90832.00074999998
1975,272298.6872500001
1976,2284894.389749998
1977,537368.0960000001
1978,119692.19849999994
1979,4672237.6434999965
1980,5906100.894249998
1981,6958301.60375
1982,292731.6835000002
1983,4551589.254250005
1984,2254223.557
1985,253064.35875000016
1986,457878.63574999926
1987,153522.22300000014
1988,6722485.615499999
1989,920229.88425
1990,1055978.6275000006
1991,5156921.124250008
1992,7350973.766499995
1993,5683798.896249998
1994,161358.9182499999
1995,413292.08125
1996,5894637.641250002
1997,826117.7835000008
1998,1213621.70575
1999,374519.7070000001
