MFCC1,MFCC2,MFCC3,MFCC4,MFCC5,MFCC6,MFCC7,MFCC8,MFCC9,MFCC10,MFCC11,MFCC12,MFCC13,Delta1,Delta2,Delta3,Delta4,Delta5,Delta6,Delta7,Delta8,Delta9,Delta10,Delta11,Delta12,Delta13,Chroma1,Chroma2,Chroma3,Chroma4,Chroma5,Chroma6,Chroma7,Chroma8,Chroma9,Chroma10,Chroma11,Chroma12
-2.5266857,-2.165024,1.008878,-0.87748736,1.596802,-2.3246095,2.705348,-2.395691,0.5204176,-1.0727774,1.3793343,-0.1814327,1.0447971,1.4250542,0.7940044,-0.08499807,0.5890249,-1.014244,2.0050786,-2.173879,2.0787365,-0.6162538,1.019854,-0.14663923,1.0196133,0.64522475,1.8254635,2.170011,1.689797,2.0325818,2.338154,2.0891464,1.3324691,0.9655685,1.2663267,1.5318049,1.8606341,1.8173195
-2.5266857,-2.165024,1.008878,-0.87748736,1.596802,-2.3246095,2.705348,-2.395691,0.5204176,-1.0727774,1.3793343,-0.1814327,1.0447971,1.4250542,0.7940044,-0.08499807,0.5890249,-1.014244,2.0050786,-2.173879,2.0787365,-0.6162538,1.019854,-0.14663923,1.0196133,0.64522475,1.4598749,1.73141,1.7863122,1.7962072,2.244628,1.8526212,1.1187431,0.8138318,1.0403129,1.221888,1.7584733,1.5790125
-2.5243418,-2.1531398,1.036403,-0.84441334,1.6313446,-2.2682233,2.751075,-2.3422618,0.58800626,-0.9866597,1.4353586,-0.113201514,1.1000686,1.4250542,0.7940044,-0.08499807,0.5890249,-1.014244,2.0050786,-2.173879,2.0787365,-0.6162538,1.019854,-0.14663923,1.0196133,0.64522475,-0.16520159,0.14383218,0.03648482,0.22500324,0.10486341,-0.27697137,-0.17468125,0.44758803,1.2701885,0.93158275,0.2695353,0.14135842
-1.1786233,-0.56719714,0.3159939,0.70903903,1.6605728,0.5527643,0.4531479,-0.18487889,3.3742716,-1.2078923,0.9040244,-0.9315558,1.2900245,1.4250542,0.7940044,-0.08499807,0.5890249,-1.014244,2.0050786,-2.173879,2.0787365,-0.6162538,1.019854,-0.14663923,1.0196133,0.64522475,-0.05438388,0.37142769,-0.43479425,-0.86003375,-1.0740545,-1.4269828,-1.4813354,-0.052131463,1.2701885,0.68885744,-0.049974076,-0.20261851
-0.7261056,-0.5542544,0.38386497,0.60156757,1.1508007,0.8156331,-0.14579195,0.1663472,2.1808183,-0.06417552,0.43564615,0.08633714,0.636343,1.4250542,0.7940044,-0.08499807,0.5890249,-1.014244,2.0050786,-2.173879,2.0787365,-0.6162538,1.019854,-0.14663923,1.0196133,0.64522475,0.06667198,1.1402812,0.066048525,-0.52144176,-0.85077435,-1.1513954,-1.165146,-0.12738307,1.2701885,0.57723904,0.07894704,-0.06497144
-0.77893937,-0.9505179,0.8089192,-0.16879795,0.6855983,0.8264275,0.045956723,0.7884109,0.8128214,0.31995243,0.55248487,0.33243796,0.41124195,1.1436759,0.57605904,0.042171046,0.35244823,-1.3817921,1.2903533,-1.6121045,1.6140617,-1.0605694,0.65466076,-0.03018507,0.8290674,0.3412772,0.8553297,1.8521762,1.7863122,0.7916261,-0.033502445,-0.3201443,-0.73629,-0.7799628,0.47793195,0.16827394,-0.1512933,0.34114975
-0.88264537,-1.5306515,0.576045,-0.24786797,0.6551495,0.97133315,-0.12997733,1.1110351,0.10374663,0.11952007,0.89105713,0.824571,1.6088445,0.7308133,0.14117524,-0.021601943,0.3244673,-1.3368926,0.7794514,-0.6695174,0.97175276,-1.4775323,0.264389,0.11735395,0.5340326,0.21082488,0.4023673,0.85356337,1.7863122,0.24858026,0.2603568,-0.3621489,-1.6663909,-1.9672779,-1.3833256,-1.0455241,-0.30757564,-0.06144649
-0.91411513,-1.5392394,0.8313641,-0.014749851,1.020387,1.4008831,-0.23594515,0.9838529,-0.02110101,0.31049332,1.2623088,1.0440215,2.3725727,0.77205247,0.4144628,-0.74066335,-0.2985739,-1.2521217,-0.30545232,-0.22437327,-0.36554077,-2.4824054,-0.9424692,-0.8701872,1.0617734,-0.47027105,1.4297144,1.7680671,1.7863122,0.75388324,1.7443999,0.3257691,-0.9212791,-1.8762499,-1.379413,-0.29778534,0.5559664,0.97348
-0.8905242,-1.1968601,1.1391656,-0.11687716,0.45714137,0.7053735,0.34837174,0.77012527,-0.17407286,0.046614077,1.6952933,1.0077095,1.4316611,1.3872811,1.3381015,-1.6108198,-0.11062601,-1.1551715,-0.6365051,-0.57005775,-0.87708336,-2.0971227,-1.7732235,-2.1068637,1.1532328,-1.32055,1.3196403,1.5662528,0.92452013,1.1879907,2.3872283,0.4548257,-0.77743846,-2.0148675,-1.4810714,-0.21346082,0.6267607,0.9878472
-0.8298631,-0.9521951,0.87465465,0.02812171,-0.24494337,-0.20634434,0.29796717,0.39082775,0.05551419,-0.6941093,1.0124882,0.20709197,0.81420094,1.9851795,2.166448,-2.2048151,0.20801745,-1.1458558,-0.74277776,-0.8770263,-1.1008353,-1.6494546,-1.6369256,-3.1149278,1.253907,-2.2450607,0.994521,1.5395263,1.3211942,1.8332396,2.3872283,0.3444152,-1.356201,-2.3126624,-1.2269913,0.19853894,0.43332443,0.526166
-0.7566147,-1.0998932,0.30300644,0.7919085,0.2625843,1.093443,0.7504005,0.42646414,0.017489592,-0.6772589,0.98829484,0.034666426,1.1075352,2.2495494,2.64048,-2.4282823,0.26851517,-1.3756113,-0.8485166,-0.83928835,-1.0686712,-1.4809856,-0.6298051,-3.29398,0.81253064,-2.910542,1.2803434,2.3335183,1.2852678,1.6405054,1.3561182,-0.21642806,-1.2917191,-1.8127184,-0.63792104,0.2715234,0.44493437,0.37107924
0.89505947,0.6234642,-1.7545303,-0.36507925,-0.020574952,-0.2916012,-1.1726637,-1.520885,-1.8735595,-3.2198074,-1.6449592,2.1259665,-0.059829365,2.1580217,2.5486262,-2.707945,0.22283372,-1.5162657,-0.78620726,-0.8754797,-0.83694834,-1.4534119,0.47270906,-3.0015588,0.0754359,-2.8227766,1.4697361,0.09100991,-0.8874481,-0.6999042,-1.0037807,-1.7074604,-1.1523582,0.9655685,1.0518564,-0.3693311,0.6874109,1.5475252
1.599852,0.6869382,-1.9775524,-0.09779135,-0.44150668,-0.4749807,-1.470594,-0.9395737,-1.997337,-2.3345432,-2.2920082,2.5831995,-0.92950845,1.770313,2.2024655,-2.626621,0.21118161,-1.046386,-0.3182678,-0.8680821,-0.5366261,-1.1055106,0.84200644,-2.2451303,-0.237827,-1.7732573,1.6631576,0.29752254,-0.67187786,-0.55833393,-0.730721,-1.1244167,-1.3887093,0.9655685,1.1006547,-0.72059804,0.5738615,1.5423914
1.6825657,0.78622913,-1.8575301,0.17153831,-0.53547895,-0.2110893,-1.0956697,-0.49638486,-1.6700628,-1.0451915,-2.008983,2.2132938,-0.817462,1.1334305,1.7009687,-2.0581105,0.12222469,-0.55709517,-0.104018934,-0.57554317,-0.1979797,-0.61609143,0.7674417,-1.1223673,-0.62830883,-1.1272911,1.5089794,0.69074583,-0.16084313,-0.34811834,-0.052774206,0.21091159,-0.31165603,0.9655685,1.2018082,0.25001988,0.90447104,1.1936219
1.4605231,0.8802383,-1.9050153,0.36195287,-0.93661696,-0.47924602,-0.6185072,-0.48735982,-1.7210156,0.93146545,-0.9655243,1.0390472,-0.37551606,0.35931098,1.1004165,-1.0593729,-0.27598187,-0.36459553,-0.22428688,-0.13254318,0.036457412,0.12923904,0.7974186,-0.15778504,-1.814435,-0.7073509,0.24376489,0.09475859,-0.12247477,-0.040642202,-0.030560488,-0.25759235,0.6301988,0.9655685,1.1595536,0.7082397,0.09034279,0.49830088
1.2000612,0.88690466,-2.4507692,0.31993943,-1.0950004,-0.35176483,-0.76937824,-0.46700606,-1.8709501,1.6308802,-0.7441726,-0.16234964,-0.54538083,-0.38002697,0.3657137,0.063139066,-0.5866934,-0.43658504,0.06314901,0.7107774,0.26375043,1.0976261,1.248164,0.9275678,-3.4000223,-0.66437006,-0.5149863,-0.50234944,-0.3002446,-0.3516293,-0.52786535,-0.2983351,1.3442309,0.23406483,0.40641993,-0.45655856,-0.84095794,-0.51983243
0.96950936,0.97345316,-2.509328,0.25815997,-0.55623555,0.31334364,-0.67609286,-0.44727412,-1.2927496,-0.5050905,-0.60919255,0.40999183,-0.0929544,-0.4729428,0.3785901,0.3352051,-1.2224295,-0.7460509,0.062050674,0.79676455,0.0098277945,1.3867805,0.86533535,0.50634176,-3.4925025,-0.8505506,1.1884859,0.44455826,0.48281068,-0.06724073,0.40367508,2.121094,1.082441,-0.16950464,0.8542295,-0.076160446,0.68636036,0.25798392
0.7458332,0.85078686,-2.3563168,0.25489387,-0.2007784,-0.047816396,-0.727114,-0.39528862,-1.0148491,-1.7563943,-0.8225977,0.097668,-0.34959087,-0.2951139,0.32880372,0.4830967,-1.493809,-1.083973,0.07055999,0.54393655,-0.024857268,1.7005546,0.7641552,-0.010672444,-2.5432475,-1.0255773,0.37440667,0.14694881,-0.11284286,-0.4230237,0.7179784,1.4159803,-0.570461,0.9655685,0.5397189,-0.3385197,0.8542618,0.68787634
0.71278393,0.85098076,-1.6871291,-0.6301007,-0.18418539,-0.36055976,-0.51642895,-0.60029256,-0.780378,-0.9568606,-0.942142,-1.1816418,-0.48033288,-0.09727274,0.29984516,0.68614465,-1.3921415,-1.0205494,0.07209879,0.39373264,0.1443694,2.0722423,0.59617406,-0.5221653,-1.5580513,-1.4738164,0.035683885,-0.3371597,-0.5658509,-0.65321654,0.14019033,0.7710745,-0.3216352,0.9655685,0.14305793,0.3522816,-0.022186382,0.12510005
1.099724,1.2075665,-1.2642078,-1.5239853,-1.4241291,-0.4831907,-0.1772844,-0.91920197,-0.30410317,0.26198882,-1.1382366,-2.343808,-1.933228,-0.014227984,0.30997676,0.9291269,-1.106549,-0.90601605,0.06276334,0.2927364,0.13681684,1.9557471,0.7618344,-0.6915194,-1.2951237,-1.750046,-1.3215014,-1.3140702,-1.2935752,-1.2711554,-1.2177061,-1.1641542,-1.5462663,0.9655685,-0.72682965,-0.47103438,-1.1913006,-1.2384192
1.224643,1.1840737,-1.4807248,-1.4940519,-2.0491867,-0.23637527,-0.102048844,-0.61208004,0.037388783,1.088494,-1.650684,-1.7006928,-1.6978099,-0.06729616,0.2498701,1.01745,-0.72028255,-0.80197066,-0.09626873,0.14899547,0.08907714,1.583227,1.4300654,-0.5237234,-1.4853835,-1.6758738,-1.4484183,-1.3896594,-1.3723967,-1.3457849,-1.3494626,-1.4526253,-1.2774398,0.9655685,-1.2081367,-1.0747432,-1.4273047,-1.40437
1.1487192,1.1146395,-1.4834309,-1.17175,-2.0969582,0.042961575,-0.39998996,-0.29571465,0.740235,1.9329151,-1.0513614,-0.541472,-0.99764186,-0.1362508,-0.06865005,1.3210942,-0.25003186,-0.00029321786,0.103022404,-0.2903545,0.49045187,0.81458163,1.1117864,-0.3527802,-0.34620166,-1.0190101,-1.4113499,-1.3650005,-1.3490605,-1.2743764,-1.0945791,-0.90934265,1.3442309,0.14909677,-1.8236623,-1.7542788,-1.5619763,-1.5060012
0.98596025,1.1407416,-1.3544925,-0.81585795,-1.4514463,-0.18375774,-0.31687978,0.0700385,1.1811095,1.1808133,-1.0829887,-0.7675384,-1.7074459,-0.16711012,-0.46074662,1.5220286,0.3534463,0.9262367,0.30995455,-0.9066172,0.98944217,-0.29320255,-0.33080426,-0.3188021,0.9312759,-0.51012516,-1.4395639,-1.4042971,-1.3625633,-1.3934271,-1.1883817,-1.0748433,1.3442309,-1.118783,-1.8114036,-1.7660619,-1.5719597,-1.4996752
0.78294814,1.1931069,-1.0568383,-0.8268979,-1.059067,0.11717873,-0.5824046,-0.45744878,0.5618828,0.30174747,-1.4126669,-1.9082175,-2.1343963,-0.23436603,-0.7286782,1.6975874,0.5901223,1.7351319,0.34612948,-1.2007139,1.2493395,-1.1346686,-1.4778544,-0.30167907,1.3595743,0.026776582,-0.98128784,-1.1280605,-1.2158417,-1.0604755,-0.23787192,-0.47850573,0.4108051,0.9655685,-0.80458134,-0.376332,-0.98786557,-1.1895441
0.5758198,1.1170012,-0.59844524,-0.8122372,-0.9163147,-0.45874956,-0.50312865,-0.6249534,0.58805174,0.82947266,-1.068832,-2.3124027,-1.6529175,-0.22075151,-0.71971387,1.7492559,0.4122281,1.8165652,0.24932359,-1.1220845,1.0185001,-1.424647,-1.9108583,-0.24058123,1.070921,-0.20468631,-0.6067208,-0.5094908,-0.6473099,-0.10419705,0.8562807,1.2902907,1.1854216,-0.22792962,-0.41375646,1.5357382,0.33470654,-0.8784249
0.6655451,0.5292288,0.54462874,-0.8016971,0.09215851,0.037173048,-1.3715647,0.9820915,-0.6524678,0.23804875,-1.3118855,-0.13570237,-1.3165421,-0.20941566,-0.70980555,1.5537213,0.30251402,1.5099207,0.19699992,-0.7636735,0.693268,-1.6522069,-1.9777371,-0.17940111,0.5849799,-0.4917849,-0.29463002,-0.5945216,-0.16002928,0.035811692,-0.35763648,0.06773823,0.008628532,0.9655685,0.032167457,-0.40588722,0.59908646,-0.20928192
0.9708331,0.41857746,0.82740813,-0.719358,0.10294892,0.4484547,-1.9714384,1.6376871,-1.8093685,-1.5006566,-1.518299,0.47504866,-1.6010063,-0.2536084,-0.68540066,1.3021282,0.3536293,0.94058955,0.19084945,-0.2517096,0.47531205,-1.3495258,-1.2990701,0.23474267,0.47786096,0.13888563,-0.18983193,-0.52961326,-0.6549495,-0.5267216,-0.6002313,-0.6858875,-0.9342865,0.9655685,0.29353648,-0.8933755,-0.3292561,-0.11435691
0.971245,0.56835884,0.7153446,-0.8016334,-0.1179349,0.31818363,-1.6539608,1.5124991,-1.5396854,-1.5191087,-1.5794044,-0.022147525,-1.6937543,-0.36961702,-0.5609139,0.89387363,0.58633506,0.6146146,0.02619557,0.49040347,0.23845506,-0.7659092,-0.4132319,0.7652794,0.32580134,0.6177847,-0.39012945,-0.8015206,-0.6182009,-0.57104856,-0.39989698,-0.37828237,-0.37126237,0.9655685,1.0482848,0.49721465,-0.13756733,0.063077465
0.7680441,0.6274978,0.43817708,-0.79517657,-0.25870696,0.1386417,-1.3303847,0.6132569,-0.7481563,-0.96762246,-1.3980856,-0.1291295,-1.7354033,-0.55870503,-0.39787284,0.37021,0.81108665,0.40693763,0.0803464,1.0778846,-0.16951413,-0.12607616,0.00816327,1.1910862,-0.14981298,1.0311775,-0.917751,-1.1732414,-1.0192652,-0.9955363,-1.0413127,-1.6996171,-1.6896554,0.36933234,1.2701885,0.31470996,-0.8205984,-0.7633387
0.52289337,0.51380885,0.43777812,-0.47474554,-0.09680051,0.15367281,-0.9381301,0.26122564,-1.1075814,-1.1721089,-0.82231,-0.88830894,-2.0927715,-0.7858635,-0.30148253,-0.22857927,1.0872877,0.05229033,-0.044555943,1.445083,-0.7102269,0.8819852,0.57213026,1.4637945,-0.9597991,1.8469298,-0.7721477,-0.8871132,-0.82168156,-0.90771973,-0.97292,-1.4878472,-1.1569295,0.17865625,1.2701885,0.15904136,-1.0859679,-1.067905
0.29414397,0.46316624,0.7628086,-0.2084678,-0.1654834,0.07649601,-0.3496139,0.4832794,-0.7564253,-0.47943747,-0.59771085,-1.1569687,-1.210062,-0.85176253,-0.4707338,-0.48987383,1.0320187,-0.053433947,-0.11979687,1.1876819,-0.747016,1.4193635,0.77111953,0.9043152,-1.0264645,2.5019152,-0.16077827,-0.36832088,-0.3435132,-0.6327842,-0.45718268,0.10106701,1.0121063,0.8280155,1.2701885,0.5321912,-0.26695523,-0.52122873
0.092258245,0.4756898,0.72170925,0.055301122,0.081622876,-0.23068403,0.1962592,0.1505041,-0.8784912,0.5004325,-0.19195138,-1.1441962,-0.68294805,-0.49312952,-0.090803,-0.5968877,0.22358876,-0.6508846,-0.07466903,0.7365931,-0.7447826,0.94049877,0.7397857,0.733504,-0.54576534,2.049691,0.17417112,-0.72226536,-0.85205036,-0.97193724,-1.0064858,-0.6242504,-0.3900218,0.9655685,-0.5646235,-1.4104705,-1.075894,-0.09439916
-0.07246548,0.32410526,0.54345834,0.26639912,0.2520469,0.20824693,0.2283523,0.19325523,-0.45863554,-0.011947936,0.21542555,-0.6472051,-0.025655212,0.0031831316,0.4853831,-0.7966165,-0.51028186,-1.3070645,-0.038943585,0.57648045,-0.48314548,0.5956914,0.65739113,0.4109326,-0.37721792,1.544665,1.2561368,-0.22971494,-0.7254636,-0.71038234,-0.75808483,-0.53057635,-0.7200083,0.7003513,1.2701885,0.40836325,-0.65343666,-0.21298406
-0.12902589,0.06345377,0.15883031,0.65394163,0.056463517,0.2743069,-0.27790526,0.071361,0.306286,-0.30764303,-0.13988408,-0.6893194,0.7136601,0.38811985,0.94382304,-1.0718547,-1.0797911,-1.6307899,-0.07341382,0.5850244,-0.09799036,0.68089426,0.8652585,0.42514783,0.111659795,1.0210121,2.0303204,0.00030911193,-0.46985146,-0.40585488,-0.09541319,0.36684054,0.47364283,0.6129498,1.0478197,1.2436185,-0.09933674,0.83581465
0.01303915,-0.017352132,-0.12960209,0.15337838,-0.37674138,0.02533146,-0.86525404,0.11177981,0.44081396,-0.9851291,-1.4113927,-1.086835,0.5596024,0.5774164,1.1208999,-1.1290886,-1.3002064,-1.5776275,-0.16534118,0.47829092,0.26291177,0.36221007,0.91130817,0.5132962,0.40297446,0.20444803,0.34835866,-0.5200276,-0.5731393,-0.3831671,-0.0946753,0.22276257,0.056679882,0.67919886,0.6728681,1.5357382,0.2177598,0.51583296
0.6014617,1.1257886,-0.21685714,-1.6510698,-1.6614764,-0.036873937,-0.5250576,-0.7800861,-0.7451712,0.16778965,-0.33404168,-0.6759877,-0.8556829,0.5761434,1.0915287,-0.7821882,-1.3024272,-1.4978822,-0.34900448,0.3608485,0.6485736,0.07639147,0.75531256,0.5813661,0.311224,-0.09666196,-0.9942051,-0.5389116,-0.2840632,-0.46657723,-0.41017157,-0.26201364,-0.35548624,0.9655685,-1.1914266,-0.8263514,-1.0559915,-0.9672309
0.8760979,1.5232801,-0.5991229,-1.5890737,-1.9643081,-0.030897576,0.24525623,-0.26277903,-0.43295673,0.44953045,-0.2912283,-1.147528,-0.6602358,0.39584798,0.97029954,-0.41483277,-1.2448925,-1.1563013,-0.6980585,0.4053047,0.7953336,0.08244616,0.9011241,0.8523669,0.2780587,0.06072047,-1.3104583,-1.0779953,-0.9552537,-1.0065411,-0.99792165,-1.1852589,-0.45785663,0.9655685,-1.2165442,-0.50876373,-0.88125736,-1.2465024
0.809028,1.4433522,-0.79407287,-1.370577,-1.469706,-0.15900035,0.78251547,0.87707597,0.08371026,1.1529846,0.53568864,-0.46877068,-0.3874773,0.057760734,0.71784174,-0.017280232,-0.93794197,-0.54498804,-0.83368564,0.66014993,0.8351472,0.11148455,0.87257963,1.3936726,0.22398232,0.215398,-1.3582474,-1.1710224,-0.9672636,-0.8906919,-1.1296816,-1.0217932,1.3442309,0.5769498,-1.2334971,-0.6051103,-0.94873863,-1.2466692
0.6035107,1.2046155,-0.48728102,-1.0156305,-1.0903298,-0.4693224,0.501277,1.2928221,-0.41375196,1.4366407,0.45999992,-0.11437189,-0.19634883,-0.32306784,0.25117132,0.27422482,-0.23573135,0.13046838,-0.66284835,0.86118305,0.9139959,0.4595318,0.35790995,1.304105,-0.054802153,0.640921,-1.4087489,-1.3430719,-1.2638848,-1.2354476,-1.4351542,-1.0726458,1.3442309,-1.4590871,-1.764001,-2.0473492,-1.7102726,-1.5356581
0.40093413,1.011519,0.014054368,-0.9215858,-1.1904713,-0.87525773,0.09583609,1.3652872,-0.5852771,0.5960641,0.456217,-0.57327896,0.21714093,-0.6491089,-0.4259781,0.46753746,0.46826905,0.70549214,-0.5820732,0.5109702,0.9323053,0.9856266,-0.52844864,0.5515229,-0.2845653,0.9746222,-1.1353838,-1.1782323,-0.8987746,-0.85309726,-1.2115908,-0.44861335,1.3442309,0.32340765,-1.2310033,-1.79926,-1.4682963,-1.163099
0.20214315,0.9420268,-0.06411626,-1.2756348,-1.1411043,-1.35421,-0.026927445,1.1127827,0.44455597,0.5765776,0.65327775,-0.2921866,0.84258574,-0.68380886,-0.5996645,0.6817545,0.55066675,0.8661984,-0.22472602,-0.019814529,0.14530708,0.69738126,-0.85932314,0.069331504,-0.33551136,0.088126175,-1.2457554,-1.0543872,-1.0821551,-1.1858555,-1.3317579,-1.1254914,1.3442309,0.08236769,-1.5250118,-2.024646,-1.6767604,-1.3646091
0.014341635,0.97533345,0.047339216,-1.2296962,-1.0267878,-1.3772445,0.45962033,0.90195566,0.31620842,0.6950813,0.9424827,-0.7543686,0.3968811,-0.50127876,-0.64765245,0.7254319,0.69540024,0.7863589,0.35625955,-0.3962566,-0.5560923,0.29208407,-0.96921307,-0.39409015,-0.10176243,-0.3594577,-1.1908432,-1.0026202,-1.0752224,-1.2487075,-0.84001786,0.1818881,1.3442309,-0.61345524,-1.5809029,-2.0466595,-1.5134933,-1.3176775
-0.007341013,1.0187153,0.10524295,-1.0698792,-0.9514808,-0.6981046,1.0012808,1.376752,0.46581164,-0.26693767,0.19808863,-1.3082095,0.12629531,-0.2804961,-0.822689,0.53351146,0.94322777,0.79978627,0.8454055,-0.5260919,-0.85776114,0.17548363,-0.7662829,-0.6570125,0.53015035,-0.46699762,-1.423108,-1.1447376,-1.1773065,-1.2981745,-0.21413442,2.121094,-0.6989639,-1.7018826,-1.4922383,-1.2981601,-1.1645283,-1.4061959
-0.008262457,0.9210587,0.17567155,-0.8705195,-0.8976642,-0.9703211,0.52914196,1.4273036,0.8465695,-0.56321496,0.43185934,-0.83957434,-0.013730438,-0.12319718,-1.1871791,0.21602824,1.2714332,0.887406,1.1140083,-0.65291154,-0.90611255,0.27931303,-0.23651147,-0.8219183,0.8149366,-0.523842,-1.2937186,-0.9863431,-1.0793823,-1.0253799,-0.13545655,1.7292339,1.3442309,-0.7367224,-0.87628746,-0.24123433,-0.89965177,-1.4103433
0.028530318,0.7731805,0.4199691,-0.47230643,-0.39432845,-0.09634953,-0.047416665,-0.12560706,0.10229731,-0.17527677,0.1332888,-0.83001304,-0.8564336,-0.04797594,-1.5457654,0.03895328,1.6285969,0.9529925,1.073318,-0.93028456,-0.8772128,0.34789297,0.1662646,-0.900589,0.60368186,-0.47017753,-1.2638171,-1.1245469,-1.0096341,-0.8402359,-0.82867134,-1.0164548,0.36583757,0.9655685,0.4957463,-0.9935415,-1.4746375,-1.4508832
0.12183161,0.44942763,0.5764116,-0.094521314,-0.26353377,0.7264101,-0.463602,-0.29009998,-0.41075402,0.07247239,0.23737371,0.45535088,-0.2130045,-0.018412977,-1.6059139,-0.011757523,1.7594557,0.9580406,0.7522263,-1.1193683,-0.75975764,0.50498927,0.34983516,-0.7301805,0.6365469,-0.23897675,-1.1927365,-1.1333632,-0.8863234,-0.7162449,-0.9039068,-1.2620343,-1.1807652,0.23003782,1.2701885,-0.781562,-1.4901682,-1.4824805
0.11920621,0.0168046,0.45004633,0.27158678,-0.23770647,0.7288161,-0.6296611,-0.23431452,-0.22565517,0.06953819,-0.22862521,1.0347911,0.24576892,-0.04061921,-1.3720747,0.074854195,1.7099222,0.8937304,0.38176438,-0.79680824,-0.5666982,0.29479265,0.7052338,-0.45661956,0.51257056,-0.05891315,-0.443628,-0.5786808,-0.21839029,0.22380611,-0.1561334,0.38894445,0.75149065,0.9655685,0.683383,-0.59876114,-0.276065,0.099477895
0.034196816,-0.43518934,0.023738815,0.44551423,-0.2298066,0.5052698,-0.62280893,-0.089227304,0.94903857,0.45825985,-0.112194695,0.0721796,0.26772785,-0.08784921,-0.9728664,0.25593773,1.5385842,0.83584887,0.24519312,-0.1752718,-0.13743235,0.17172731,0.74355596,-0.51066476,0.097900495,0.32214922,-0.27029675,-0.29447368,-0.22050881,-0.008565742,-0.25515527,0.3197766,1.3442309,0.57230526,0.5505589,-0.5476542,0.6825168,1.7496582
-0.07399234,-0.59149915,-0.079491995,0.7678463,0.05879161,0.08756145,-0.81383485,-0.23786221,1.4033647,0.8703323,-0.063206814,-0.58721507,0.09044554,-0.12883852,-0.5150276,0.42475075,1.1267984,0.6176502,-0.028020943,0.18516976,0.38393882,0.08451263,0.31095314,-0.26872513,0.047448564,0.59239143,-0.7640571,-0.54187655,-0.55747306,-0.46802074,-0.7161315,-0.6462348,-0.22376418,0.9655685,0.5349008,-0.7871368,-0.27873987,-0.1865129
-0.06610612,-0.28508717,0.3509405,1.0497594,0.16732258,-0.13264194,-0.64336985,0.0065038265,0.86630154,0.2830862,0.10162658,-0.31229416,-0.3638757,-0.1410618,-0.22825012,0.5556677,0.7422105,0.65919495,-0.16434543,0.2317604,0.46769807,-0.30927384,0.020676281,-0.16282599,-0.101840466,0.4781439,0.06849087,-0.10723421,0.066883355,0.36832517,0.055696737,0.9476075,1.3442309,0.35413226,-0.2538621,-0.5248801,0.4084874,1.1481625
-0.036598656,-0.02244744,0.7023728,1.1089585,0.18875803,0.014979548,0.010817838,0.27479842,0.08208441,0.59474784,-0.17373903,-0.14420684,-0.21181151,-0.106877536,-0.22497089,0.621296,0.28435093,0.5629112,-0.07084764,0.17041112,0.48880166,-0.85181946,0.11698216,0.025132023,0.2823894,0.35246968,-0.74723846,-0.540951,-0.06227745,0.22056958,-0.334769,-0.034453426,1.3442309,0.18317036,-0.2779157,-0.40209544,-0.52685905,-0.41861328
-0.08902374,0.017599039,1.0599817,1.180058,0.41359806,0.3979516,0.049255863,0.4034596,0.08565719,0.78833354,-0.23388237,-0.049285218,0.38087094,-0.047096856,-0.33664098,0.6347574,0.12295364,0.50683033,0.11636901,0.2653079,0.46864486,-1.0167533,0.07806046,-0.033059984,0.9561784,0.38120043,-0.88034016,0.026122682,0.61571884,0.47050968,0.003008292,-0.40126246,0.82919896,0.9655685,-0.09211328,-0.4142979,-0.44873723,-0.8692927
-0.09163501,0.011253603,1.1760513,0.87390065,0.3113523,0.49588186,-0.32141653,0.4396796,-0.382832,-0.038732365,0.008808509,0.61924726,0.3953564,0.13276371,-0.56142825,0.16025181,0.5116247,0.55268437,0.5975039,0.37543336,0.47292775,-0.8336031,0.061059635,0.085658304,1.1611931,0.7096335,-0.5899721,-0.03460192,0.38992482,0.30005634,0.28211808,1.3994131,0.3906738,-0.71869504,1.2701885,0.33913553,-0.31980222,-0.5273077
-0.08168694,-0.38689965,1.0139796,0.88230675,0.5940226,0.2872551,-0.6822523,0.50551724,-0.6363288,0.049087904,-0.019229136,0.71702504,0.7731785,0.2969452,-0.8097296,-0.30715218,0.9908398,0.5931994,1.0212008,0.40888843,0.42339566,-0.5323894,0.111261524,0.26909482,1.1254101,0.7340126,0.34567124,0.7667853,1.5080822,2.1006656,0.5109324,1.3338284,1.1699016,-0.41742542,1.2367114,1.5332942,1.3538762,0.7220264
-0.101997085,-0.8614782,0.7829398,0.5599662,0.35415068,0.22317363,-0.61956054,0.63576716,-0.6049724,0.9950179,-0.00922789,0.8734305,0.35317904,0.36397734,-0.79009396,-0.5366792,1.2204897,0.3759962,1.1544924,0.46401858,0.36617032,-0.1335799,0.18564275,0.7549069,1.0561379,0.32304746,0.91528875,0.79268265,1.7863122,1.8428813,1.5817754,0.7523625,-0.33920354,-0.85125726,-0.5336892,-0.0010836945,0.92536306,0.84877884
-0.08635066,-0.8873474,0.8455173,1.029699,0.5706388,0.44850773,-0.018409958,0.64396816,0.19468889,0.8097252,-0.023032613,1.000643,0.23362152,0.3542523,-0.51977587,-0.759022,1.1513151,0.12488634,1.0511159,0.68323445,0.2821693,0.37962383,0.5011316,0.83523136,0.6404205,-0.011537615,0.6311547,0.29397997,0.6887847,0.78538,1.8908848,2.121094,-0.35004672,-0.8737349,0.082925916,0.41106352,0.9917276,0.4809895
0.28903863,-0.7835063,0.10213354,2.4189036,1.002079,1.7685405,0.16799805,0.77312225,-0.17342268,0.576888,0.26708743,0.9860456,0.8094383,0.24381596,-0.1975232,-0.91387826,1.0024999,0.03116327,0.77061003,0.7608436,0.1898117,1.1172701,0.86807525,0.6219724,-0.011713238,0.056279294,1.12522,1.2063305,1.768193,1.6086534,0.8351762,0.9119706,-0.4448461,-1.5910238,0.45661658,1.5357382,1.5116762,1.4020959
0.44613504,-0.724072,0.27078375,2.7425952,0.9367728,2.3894427,0.39222065,0.97425294,-0.68440306,0.29997742,0.44124508,1.4175545,0.551363,0.06449497,0.16229327,-0.8933056,0.50218815,-0.15316258,0.50824493,0.72931653,-0.022187877,1.378386,0.8850033,0.48622215,-0.49352276,0.06273892,0.7665867,1.121194,1.7863122,1.8228854,0.4462697,-0.3894644,-0.71163327,-1.5830976,-0.45802316,0.40416637,0.67300665,1.0743035
0.30699837,-0.58332485,0.49067128,2.240962,0.4157711,2.142766,0.5406606,0.9431967,-0.25598994,0.96647215,1.0180945,1.4887018,0.3537864,-0.14990419,0.37988564,-0.6900132,-0.079451345,-0.11287702,0.16862302,0.4659715,-0.3050569,1.1883509,0.40404382,0.5246617,-0.5503092,0.26788223,0.12635699,0.3645833,1.541638,2.1006656,0.77307636,-0.15630955,-0.8328535,-0.94040346,-0.26167485,0.7403487,0.8898716,1.2712622
0.1585102,-0.46514198,0.1065594,1.6949319,0.37151408,1.6327543,0.47320384,0.74236697,0.7707608,1.4958731,0.7106746,0.8350964,0.49763966,-0.4130942,0.3461055,-0.40911192,-0.74023306,-0.037815213,-0.3127458,-0.0127239255,-0.6098189,0.785832,-0.04066226,0.6015152,-0.39063808,0.17533757,-0.14057258,0.1966359,0.69713205,0.682494,0.2627425,0.43773472,-0.66381025,-1.3921179,-0.43834352,1.5357382,1.0354539,0.3099356
0.0040006996,-0.5179279,-0.29922187,1.5473808,0.5055207,0.8891361,0.14871566,0.66733694,1.5801438,1.6388313,0.3692758,0.35137272,0.7482143,-0.80555123,0.2744597,-0.045814764,-1.2112727,0.26272446,-0.9549858,-0.15886304,-0.94301134,0.9758971,-0.5332036,0.77872205,-0.27437255,0.19107485,-0.41617113,-0.20493688,0.16945754,0.6828548,-0.39790186,-0.4115076,-1.0693744,-1.5502818,-0.708115,1.5357382,0.45693186,-0.46144834
-0.15334576,-0.5658017,-0.28973493,1.1163827,0.44367483,0.9580703,0.33477804,0.24283242,1.1769795,1.7992268,0.3850557,0.055267144,0.69781667,-1.4582077,-0.16512938,0.52344114,-1.4727719,1.2353249,-1.7411717,0.3564656,-1.4655521,1.1323752,-0.98752636,0.96586,-0.23254848,0.60710734,-0.43120062,-0.062491152,0.14530207,0.55012727,0.17307085,-0.50636995,-1.1419661,-0.7844224,0.42224038,1.5357382,0.103098676,-0.30669066
-0.274839,-0.5079859,0.06132914,0.9569792,0.65055317,1.042458,0.30808473,-0.15238819,0.5939659,0.60404855,0.8925155,0.88850766,0.70309395,-1.9102861,-0.98800164,0.75267774,-1.7235589,1.4996141,-2.0673327,1.1426284,-1.7574022,0.45800653,-1.646841,0.8697992,-0.43449646,0.65686953,0.25262767,0.38499498,0.5047789,0.72060156,0.9864361,0.052643016,-0.16239162,-0.91054046,-0.25183597,1.5357382,1.0837564,0.34126216
-0.4279716,-0.46751073,0.33067507,1.1746869,1.0461414,0.7757183,-0.118892185,-0.56114244,0.25485447,-0.3271332,1.1913873,1.2942799,0.60834527,-2.1490853,-1.5529122,1.01397,-1.8664434,1.4160969,-2.1632216,1.7869334,-1.8332766,-0.13440637,-1.927056,0.99773765,-0.44701564,0.52357346,0.9220184,0.59300107,0.35401732,0.20182787,0.28585404,0.24573939,1.2062733,0.9655685,-0.53663486,1.0115597,1.3372148,0.98967826
-0.8740624,-0.41538575,0.3715863,1.2300143,1.477698,0.02427648,0.17551701,-0.9764139,1.1644282,-0.574483,1.7267708,1.1285006,1.0406396,-2.1490853,-1.5529122,1.01397,-1.8664434,1.4160969,-2.1632216,1.7869334,-1.8332766,-0.13440637,-1.927056,0.99773765,-0.44701564,0.52357346,0.4166293,0.14965896,-0.06741559,-0.24390657,-0.4830402,0.113728225,1.0017549,0.9655685,-0.7328693,-0.2104735,0.76289827,0.19386837
-2.23475,-1.1919649,1.7627438,0.083405584,2.742407,-2.2757738,1.8222586,-2.2475345,1.7709775,-0.51090014,1.8231425,0.98667073,1.3324262,-2.1490853,-1.5529122,1.01397,-1.8664434,1.4160969,-2.1632216,1.7869334,-1.8332766,-0.13440637,-1.927056,0.99773765,-0.44701564,0.52357346,1.3896786,1.1038389,0.6141393,0.86982346,0.9437725,1.018368,0.6195707,0.9655685,0.5269075,0.82792133,1.7760018,1.3227184
-2.5266857,-2.165024,1.008878,-0.87748736,1.596802,-2.3246095,2.705348,-2.395691,0.5204176,-1.0727774,1.3793343,-0.1814327,1.0447971,-2.1490853,-1.5529122,1.01397,-1.8664434,1.4160969,-2.1632216,1.7869334,-1.8332766,-0.13440637,-1.927056,0.99773765,-0.44701564,0.52357346,1.1133971,1.7811085,1.7437062,1.481332,1.4947872,1.355829,0.7412291,-0.23915532,1.0477247,1.1507746,1.8733435,1.5737422
-2.5266857,-2.165024,1.008878,-0.87748736,1.596802,-2.3246095,2.705348,-2.395691,0.5204176,-1.0727774,1.3793343,-0.1814327,1.0447971,-2.1490853,-1.5529122,1.01397,-1.8664434,1.4160969,-2.1632216,1.7869334,-1.8332766,-0.13440637,-1.927056,0.99773765,-0.44701564,0.52357346,1.168933,1.8800675,1.2088425,0.9867104,1.4907663,0.50192165,-0.48370257,-0.7207592,0.31174845,1.1053225,1.8733435,1.3771142
