Frame_72,Frame_73,Frame_74
904.5,11449.0,17652.5
16773.13717401481,20941.248630164697,21679.562445793832
114876.90738413877,103283.39613009867,89413.9093520995
65924.2112942387,56319.66031033521,44286.14526127644
31837.426048921636,25091.356073199644,16367.77532922778
17007.241624955837,15078.071763364213,11576.249975861152
13864.87842073456,12472.57678975087,8397.928602241302
11714.714286926748,12314.886994493758,7145.103063763566
11418.16511457158,11699.745675421293,3432.166682501226
19928.42889830103,8846.654112498301,4554.35786312028
11995.638175701573,4263.229617366936,3804.7270013157613
11328.189067357245,3518.0699751623097,3787.3546061903844
7772.150140551431,4998.390998085675,2615.1489994056933
8530.149619973488,2159.285654347194,2418.433255974893
19443.235397372508,2561.9002086876817,2187.4063521700787
7005.585020117041,12074.746429381988,2410.0831277582015
35132.55151956316,19102.644644101492,3804.579958964932
17367.84087576565,4382.167457630585,9018.916105139104
36843.17312619939,30307.71955341615,13469.96676318037
39786.282993490306,16637.86161209887,6989.571931684812
27269.656709912015,9791.159738227732,10490.15152924916
26369.3655304426,12456.46548857576,4977.805960922637
21499.5169627784,11901.199254747613,8099.981480126141
39035.16932264803,3788.9378135162124,8318.032054609492
23357.227415111112,12176.666792802756,2825.422219033661
25778.44954215138,8928.397774153751,3823.9267940419336
27244.841477740752,13415.919231331542,2930.5051158340952
16629.54843724337,10746.794371779837,3430.1048886230833
15015.474681333082,5996.502802963016,8382.144593107225
8913.973595609723,5707.88506318137,7199.973060295234
16159.64132479558,8246.3152317448,6269.495917791148
5768.909950528447,8781.13630266553,2317.81477130959
8772.75441882279,9908.146083129068,6897.660932639091
10473.371798463364,8559.203294547715,2172.516616851204
10528.09055885654,7150.725165119521,4107.417212919691
18220.314418594604,7261.39414098009,3598.703699793698
11054.653510109438,5593.096085023325,5629.252475166533
16377.207870681355,4375.978235400123,12733.819971299761
9219.937857600435,7962.63272736466,5916.462571644559
7987.827376295073,2204.045771571007,1573.8362946708326
13666.69555560012,2875.993221859675,1819.1625145981288
4111.1441153117885,10226.495841984453,2732.7775215291326
7147.259083058633,3024.4801551964138,10683.298776419284
5141.139367952393,5785.1300061867905,8973.024633736462
5683.5504928970895,4435.209137741984,2939.2919896976296
2826.2187245926307,2232.728032534776,2152.5690143007414
4816.137037056696,804.4554526988055,2969.771696112997
2861.8571899405383,1366.9868780747256,2342.6119769092393
1325.2043424244587,1443.7945978020193,164.20363295871815
368.2642283805621,1142.1444260133587,276.4573386873879
969.8605603979095,344.9642499663131,226.4462594648214
1273.9303172904526,720.1329963300442,573.7671518929399
697.7088795781771,509.7944472292,1012.8928053217176
2119.3307548233165,1488.3858017052273,1290.6081400131654
1797.1878684816113,554.7250224058067,1611.7249314086887
2215.1221326802215,2041.2174280315487,1854.2199824245786
712.949363051894,1093.4296978376417,397.9263056215647
1332.7036262882095,649.8349104939892,1563.9134673425363
920.3799139348729,683.4280090831245,167.92531132092404
907.0935094108377,881.9462753443812,2059.5552778200745
1492.5894375434584,244.8542127575957,838.9301253976287
1509.8256279397347,600.0922913096223,716.2882862489092
854.0297922415655,121.88347928527847,508.11060332818806
944.9172751978202,570.9177662923898,1130.150414054234
1364.0438201475963,624.1520103755795,712.0759718405071
1574.7447229195884,456.95696261805597,735.6173955807784
1843.939960933366,614.6555528621676,643.6383461839231
1401.270457474241,482.51901556427805,885.5578629114091
2082.4669201733964,818.7581158741706,624.157188818135
2403.991792814512,475.4901299250355,608.595035029323
2197.9698095589233,489.8160574370412,637.6246760872685
2518.7182705053133,315.578620317407,442.785891824543
2211.0406932040887,293.7519019963085,599.7685847280292
2019.9123065056353,1277.0396060044548,299.360500530897
3694.610156776462,2158.016184507584,196.9121845628068
660.5943189196282,3162.90432050806,670.7461589331904
5592.242942406332,3031.702655591024,251.44576706987732
5499.169568283323,2918.043780031862,979.4879440720365
3211.529451539364,4408.6473168634575,1114.39592099258
9521.229047363295,4166.39093556222,2415.236769132921
5805.39769079564,2873.815032651872,2022.407990014657
5998.55006612578,1297.914945874321,2489.1420101332974
5402.905142914019,7028.943022647452,976.4625365855541
10233.694819947457,1087.0678168154127,7444.100954983224
3676.3774774359695,7058.302613647953,1932.333799804817
3998.6725471188506,3067.6262356116317,2068.717843584478
4632.482213658396,2570.699957573277,4111.955020115639
3525.4176302878354,1457.0979005260472,1119.197925323745
6000.0498857607,1950.5578496495539,622.7239259914305
2834.677815772819,1443.9897083838473,1107.700171183748
5479.017837216751,3313.8874815859117,871.5834855910736
2121.042397182509,3621.826141175926,918.4283701118001
2357.8715107738803,2677.962671758609,2164.066631126783
1732.9569884683622,2437.9950618442795,2105.69730832743
1157.7396387345218,1804.406333888941,1970.1453117052758
2227.4718934317234,2535.4663144583806,1617.1033272459802
2826.897359955047,1029.6156274963414,1434.82168564098
1672.8109994268802,1983.0697032928922,1012.2418388548489
2202.549479282223,1694.094980341216,588.289437199681
1144.0627501304173,734.0249826414724,1578.0490710158087
1464.4833875888523,1845.4292368671054,2075.3002059527903
2065.4483278181224,2257.778744488992,1871.7214810318303
1175.5531057923135,2032.7273027203994,943.8548275184612
2262.1339203343814,653.5292703185759,626.3822351677844
1286.7524851713188,861.509211678014,583.2853002784643
1051.0528256016896,672.3931063935835,599.6740494610045
1567.162388214919,256.0256378822388,662.462490404287
1009.8628128143464,1029.022315902256,693.9430802829924
1011.4625202826911,551.0299965951202,366.41464112243347
1309.9853597516612,154.11331484710726,753.9817179802928
799.328357922288,377.896048555912,539.0317734471666
915.884461248079,547.1016487904404,492.4744868662838
950.6314001577318,507.97293294761107,633.377567221785
1212.3545629028335,199.797980693858,653.2992099557391
270.98479298011796,1465.466885609145,831.8884472686683
970.4179594376113,894.0958905385446,1009.3447249533338
786.2554716589013,404.46154047084343,1415.3097206307527
371.65504365811125,940.5689425588398,1160.814370539767
423.4342505026754,235.3691104989134,478.75292592366355
249.81664514400168,374.3841572436908,721.2704136154293
1102.5951060409418,1346.3314518058614,1022.2201921925362
869.6551554322253,1160.6821858501703,194.44955863052292
812.2337606566216,1034.457489151346,382.75904628872325
993.2962514173919,1225.7495813306032,233.92174319750129
607.356507978313,617.119506674086,739.017466676586
1080.1212907842762,903.2045786713,556.2606597849391
377.69635715127566,944.9267356543223,277.18623373592516
605.9469772143012,258.5980693320496,686.9330993241306
614.2419312211878,485.5007413601011,462.98728697133265
616.4093772763343,480.8592106232675,366.8669338399347
606.5231395177594,518.7733155557096,369.51783840952953
313.44496347029286,562.7795746448805,335.6772491410252
662.9817911528597,562.7408359914092,319.95127876179566
614.6217513726957,786.389681325491,444.19910580722194
1024.593464690973,542.9985582818222,391.076470066712
750.1979864506691,665.8173173882685,820.998310406435
675.2760442954029,266.1144337982952,620.9023480775131
638.4192238803593,414.3583144429579,496.5846461260622
644.1081199496699,407.57528672871666,458.81275710956146
636.6234125491943,420.1856893173013,451.61220649539416
657.1281275600358,462.08183840405934,444.34973617503437
687.3030813934389,490.849683515721,399.9177850224463
1105.0138963637887,515.91855722568,389.2525827935141
546.1991860649762,576.3747706407099,518.5734738952991
726.5480379135078,429.1375443311875,704.843330961272
507.56317666151074,421.75898330564826,501.5197844608532
1232.7092708011637,559.9562204961823,563.0249147391407
952.4472572209962,452.6755958199796,264.2826340457786
1393.006461160289,838.3884180815309,602.0509499008355
1847.5719366388869,1242.480562018936,1170.9457524439094
1753.9191350985018,1378.0144768524196,1451.3446077396843
1052.2142719685673,695.5519660021172,1158.7875490686583
1531.5704715785748,2636.1544594667484,1992.8035437094063
584.4415037832508,66.32660342485515,711.9573537517243
192.06350000081767,564.3770677811325,566.5324600359938
515.6820161811294,684.5346217155427,460.44324662390176
408.86823648151795,436.83567582075153,923.9746667916647
1150.1197742272109,1072.0562794645189,215.37402976891914
386.8077323317774,1062.9391703566257,1073.6626997816259
1745.0842418520406,812.9218120829591,766.069221477678
469.58392615166025,308.15498511834136,930.6484964429472
871.0645510915259,445.90445513316473,74.35997918479801
450.0666179319958,862.072934815323,1056.7662376434757
619.4289093911823,688.9545270002595,455.4815812043979
758.1099044668789,673.7218388911675,1142.583224758717
1554.8652601588883,975.1643976111723,592.7196115953626
552.3562054982286,561.2972289817847,574.009828722029
528.3671326510657,546.4942200122198,545.6490862904654
1933.9550631307864,710.2988130338248,571.782029145726
434.95826794519473,999.9279877685719,181.27933170412356
1837.9418550794937,753.3594533830102,250.50103254049844
783.0108463506784,1029.878848461838,175.8836992780893
632.1962075805028,224.92209149746708,399.430521548397
1272.7546662176328,558.6913583219842,394.6607824082746
427.8411669996011,799.0549691624853,411.3515957647072
989.9760297610173,346.2906827212677,317.99912450088124
603.3623167548277,1380.5587017575465,826.7006372407641
688.193789624204,404.59194825462873,567.7210405900239
980.7250779412302,180.17872107697843,502.1479200568808
756.0639844499726,176.408866194994,407.29145741633346
1519.8006660522003,825.8787088612198,364.03071914428136
1597.7646334113904,605.1293642693973,1598.642470264476
981.6185640941313,789.2201443595703,1199.4026987869033
1051.659744228813,892.1711220175271,748.4274317737539
567.2491130047148,674.9508808002223,561.4353952527945
735.4722715461722,283.6045662455059,633.7136466635582
679.3604487786745,812.3401602155755,925.9676706654237
734.1480731772306,175.77239626804075,93.5970518762022
414.2775016388448,161.16146735472444,563.1525087686217
587.9919932911679,115.5315531648685,457.1005550763137
178.0730783579118,245.95407709055291,259.9154661603622
754.3951949065992,499.24480422451893,516.5827233799066
59.61124254422199,611.2039440833152,301.97021624382245
747.5983018139508,636.3959817911826,103.23972115375112
156.18523619418178,778.0765578349201,150.03009502242685
613.9778251859823,748.6692438655153,422.4846291643482
720.9704258592469,251.0637176922204,552.6073403267472
650.559314754391,181.78471697466208,506.12557045756637
523.1200320679752,251.85311185552422,498.11160135572754
503.16766766735384,310.61317252213547,293.9321183253912
501.10003089201314,350.57295385957826,241.49060051474677
483.9778583535588,337.0456983465707,247.19725435940956
473.5023446568089,319.7836394146514,267.3481587750959
464.13850845205286,322.2612816611777,268.7713540349975
447.0681163006409,317.62643183025557,273.12745373013433
435.9800281843379,322.4986195144328,277.4244028105349
420.81247759865903,312.3549038493134,280.5406301160405
423.4851668260993,316.1486212762186,279.8333606549049
419.76669448209395,313.3201886546643,294.34449711105395
418.3953284815312,321.8883297775018,298.5519857019254
431.5168622419604,326.4585335756748,302.08201191347933
411.85156008274413,326.3759380687362,345.0130196210236
505.3326035825484,366.8671293679536,288.4344768310241
148.9148066505263,499.13939229253003,611.7801584603635
409.6759829202072,550.8975497796927,482.1718657285158
521.1298492915619,458.21472960890816,415.0992938156223
702.5682565004987,226.17461595218785,378.6179464698605
982.3303806893254,629.6429693350464,497.68204059261456
487.28284230998315,274.607564919934,264.620122875996
469.26570267920573,274.9649437000622,54.080377446142236
412.0819781369275,256.1397727593588,141.46388854639872
436.0498355189966,267.677094406492,204.18542072673353
286.8962241921466,486.7723634748323,252.3897450419335
714.0247232282255,583.799430439598,218.24527125294605
1214.8184857284566,112.33158136748698,647.8122024022148
752.3396913248841,543.8381314254177,482.567212778419
1343.6848216331143,1282.592911055724,681.0902077414114
355.0621082481069,530.4230414708591,466.6015663005533
505.2076234449642,685.6359787695055,672.7306640563355
456.0250832479029,133.7267839931443,258.0197171330397
161.76743947892436,547.7211455386177,422.89071404404405
1852.45763826671,643.8424681911358,605.8356734427459
973.6369469086774,1702.4920481745146,1847.3701131373155
2527.1229855792812,1235.1885831780228,371.62923443468395
436.6796886950409,1911.7046772129581,665.120059743819
3096.833569733987,1761.876689490267,1205.7194340859153
451.1546859070281,1636.8087230408885,1045.2877836229738
1867.4853969550932,1392.0910834599065,1435.3675118053998
2783.2902330415995,2906.1894386781623,1017.4976191435263
1245.0507118010526,1716.846615451274,1779.115509766947
1152.1998023003398,2556.505766779766,983.5827605727313
1882.3771344013303,650.1027372938598,1849.7126068953846
2109.669589528012,1940.2285196907867,353.54796339841033
2138.676081901351,1996.019090107632,2131.5326941551584
150.08459691266694,190.262402864126,752.8624830141121
463.1352596433719,400.68179946964705,808.1624599066507
745.631187849898,1102.3885436558294,764.4315121084137
1334.1357703527747,1090.5450400137254,947.1809915611573
311.23406168435935,395.1869568800851,367.8929309093585
297.6478893543058,208.01471378895354,105.39744619173692
243.23839673278005,573.4675054170027,258.6092165339475
1597.2115699191484,857.3390631357101,384.8699779161655
581.1496065496375,254.19021537957536,341.0235027379821
337.22089442678845,65.94855449359615,254.014615564815
320.76974156322757,107.09482250282063,307.65923591349485
312.54516703210123,152.5248589388732,241.46756599439078
355.4431110009676,166.38222899291293,169.09866384311786
539.6402167097214,291.8161012051034,276.21503251347656
1512.8418376731347,840.0101445007846,611.026041245021
1451.0977145340648,1047.33638334609,776.3101766225632
14.263998732004005,395.47018020666786,460.6102093908892
1381.4943002048765,1338.0247377411163,723.1324792814104
244.2090881384521,313.59672655720766,1585.351439904283
1290.1423281371801,1159.343475014905,104.68911360756178
472.7463642034312,994.1514595417468,34.28609896672816
2054.358856155143,785.0957080980587,1170.54048810375
1191.6781242110126,811.0603249109054,857.4667157501531
331.038926403651,1326.96655121615,685.562421143436
215.97998268144056,262.7321989409928,692.3786958926719
181.72837281646613,540.9064526336667,189.42399671554114
749.0119205420361,591.0256152274075,493.5053438728435
369.8854561200275,327.42198433155255,360.5612104031843
335.3175355969277,665.0806781768479,318.68898873362906
585.7171603526668,459.2454771434647,226.41404431276146
155.80428178602136,293.8440215862536,488.31047376034866
718.3427638448933,1086.5806216926162,310.06236520157944
898.1249642769503,570.8131317561138,684.3570878669238
1056.225608674969,1061.1776002467716,265.7060843300997
639.3378935904207,512.0130829044215,837.5157091360835
279.29376099208673,661.2579176910608,503.062638387583
937.4044752674318,319.9189580835468,163.6778947482876
827.7864168500283,185.59800346540266,186.6086258773558
474.11201701179107,201.88059491141772,207.82375687181462
329.8249878206213,424.3704246688846,465.72789727284464
14.46325334609685,459.0765859909905,326.89908674108153
233.80144442742022,190.91351480720368,98.69165420068727
428.12447674110757,223.26126526746046,133.36109552730184
496.8207416284517,264.6291733540306,146.19212042758397
359.00283139669193,257.1039579643779,151.6250827637323
292.3462342989107,439.9588571576482,298.9825336318031
221.15893742956783,167.99745171130837,143.45285534524294
414.5034193101174,198.49693398581604,130.43297554928674
674.2508748680084,138.63275192243222,150.11296029532184
427.38323202307714,114.6782294447241,140.07546780404104
129.32190919635326,160.43724627056474,142.40952458917394
253.11714609776456,185.00439855559108,141.77199084844264
410.66003098928314,167.196251290636,136.59070075491016
446.2904069523807,152.8169474747289,144.407496753487
232.9504798670843,110.50728078925432,130.72588853536308
112.32435620304955,69.20801731192863,146.13368767104276
501.50664862295446,301.2046961163329,211.2167002301262
423.1467121024942,281.952275012027,360.90429486336956
41.8459803162192,285.88094235455725,124.63997632745456
268.32571897694834,265.0794968690888,378.0875945849587
221.20958413606192,258.50327408826575,277.6068790049196
496.6259553694572,265.24741549283135,150.6776795982076
492.2341641652632,244.6908248318602,66.29292688185282
349.0521301749282,190.64994205455028,100.43535261473687
270.8948257765836,168.7669358771365,106.01615902258037
483.3961896009313,250.43252343778332,367.58217206301305
718.3174467521197,515.5466091789505,250.2566488877969
375.12112659360946,88.37444781830037,403.55089436081585
172.8550764132428,152.42029057984968,66.69451540484636
294.90371137197377,149.89787056615603,300.91904704271343
435.3358832286798,212.83451280967452,288.3040545227546
554.068206124118,317.6984376566901,89.51354149479491
192.1548132632725,290.5250622988454,243.7840879675887
256.02453105372376,338.47124189335847,313.08678646486646
579.7041090743922,363.7321079566208,167.35864023600448
260.33163013144184,322.1544309507116,197.88309039514948
284.52383402693056,218.68564236236003,265.69039818154204
289.6523983648615,193.3828287064374,159.56379153366055
441.04289926535,330.1066583491351,233.09785812439085
319.40373998957074,244.45384512430084,245.9160803305713
453.0378909440096,359.56360931557936,370.89575022650524
830.431222375039,616.7171878977202,314.58800217743124
156.40990059296465,618.6452700712608,283.79790259193334
318.18126911799203,97.33644113441656,354.3323687265994
341.5315334743194,180.10389286432195,286.5578076863764
264.44699223517983,181.63619203755133,275.5535036883607
251.6512321640184,148.41880101945554,173.50910020900207
264.35025059251444,195.53144485451026,180.61430622177235
294.71304755298394,192.575676879338,184.57731102537693
268.8778757673973,182.36092563455983,193.81418290652118
266.31671198916047,178.80594859542126,196.38418929220842
270.1727665499082,177.44266170759477,196.12032322361924
266.63637800694664,179.58116487599045,191.92489405770553
266.78913273685134,174.18631642517886,186.01213617067611
266.66960979549214,176.00746558027734,192.17658012040147
252.76116695983376,182.02396536633003,195.71348556930116
250.76847023174975,162.44946844189386,196.08019133705272
303.5319226364721,114.17134869965608,202.72419955714574
270.29805092621325,467.6693833364272,312.98352535182056
372.5600672344354,265.77388035054037,297.5183613337769
764.8114592020576,561.944452621792,224.50669688766692
626.5237861509493,453.74970412257056,303.7245608586496
426.5244683440857,443.32393928568655,429.96400481934313
912.8602880721406,487.76251360210443,408.84306796378206
422.2655066838823,358.74495922757694,44.753422307357035
167.133606569886,158.2167862807158,287.2444684928167
201.56609691263694,92.66280050378947,349.63880964154464
505.43670492813084,514.093349997022,155.77370766147442
145.3352652505918,348.7464306730271,169.696378190928
509.33805782042435,294.0917957846446,452.6931394080343
241.44391026115,625.9133419919448,465.20241349206736
447.1664984482184,128.26121822743272,300.98090796646966
379.4037533108246,266.0490489686409,212.28102014208483
209.5487784736642,106.30241014025597,173.45602608929252
630.5711060282825,471.83999170985857,184.93865819162193
171.90978521767522,313.7993595695874,176.67498230086053
209.16286983300472,191.51434973187637,210.93729319842154
269.2621385779462,192.92690597389606,170.99433559239156
260.6726457204153,208.30541478389154,159.31043408642333
261.0487911992559,212.36260991229102,163.4731206469362
330.7062030174658,201.92872003792925,180.6562637551733
227.85370763590706,184.23788395534982,162.97482630346434
178.02231785787657,167.07729656138477,150.47827804380196
237.822388838045,160.39334950520475,164.5555881746621
238.05011510517207,154.95032038294536,153.7236867179667
231.91060106311747,164.31660970185803,165.9275422333371
237.9532649362573,170.06063929616727,163.26290913541325
234.43169539272685,172.44096565277516,162.23550762701598
237.018405041022,162.20400522066237,154.8162861000363
242.9484695594229,177.2504627586467,153.44654186321713
247.83680437769948,167.70137585369807,167.720696939674
245.2539317570238,166.74373125672508,161.98700506379797
233.38902503380262,162.71669602059524,163.7872053801728
241.58840664585338,152.3860535327805,163.22724335949758
244.19612317200622,163.59508802797757,235.03848463142694
239.5858598223455,174.54181882980467,186.30648377667296
244.74524578182292,174.97084925449565,139.47354191830294
283.158848927142,139.80788933005772,151.94116471237248
101.47506740406878,110.16869766343066,154.71411460917932
316.49802991757787,128.41672328291833,158.16411351130168
358.0207642011231,157.43019045399438,252.7248087320228
263.6161341346554,205.0771189500882,180.11296594793643
88.0398369794028,212.948466405826,99.41744331167882
356.24431863117405,205.36947483910203,187.38955423172462
159.6123348341455,187.6714331414583,133.15078838968543
154.07948547260793,37.01357725892398,163.35345912527563
717.2402685454678,334.92814491992044,215.70342930917596
291.6899294397487,532.4372208261135,455.27858325906675
215.92682642375954,365.36302620756493,461.2156433953753
181.89190668442177,122.02714012062525,269.06486886664936
180.83842848091928,157.00167996556496,156.60941848950583
313.9740719766583,151.56202559422786,142.0283019109206
356.50341430932724,160.97246146387664,160.96000206736636
225.86562138207972,163.05389946290467,102.81158417221238
235.86661285367165,166.75733102455354,162.18471337154818
245.5165591607502,159.42944762385793,172.03698069596692
241.55443683853082,172.94758108977828,191.54131857279157
244.07412542203303,167.7257031312986,178.5446839862275
257.3341237734659,154.82981949710666,185.36655806223993
278.2552224515135,92.29219021341488,219.72698471760907
288.00101828678015,326.0231819063353,96.93503719573242
250.92033378650768,297.5844020914983,297.6008887055615
220.13321694199362,190.00836493435497,182.58174919773703
217.38177911561993,181.37111521715917,166.5557778374096
225.5165922970634,184.13685086039334,171.28898448477253
221.09205877399205,181.92430041798173,166.1404107075756
219.5567061100135,174.33995382087696,166.36814547563867
218.9856789566521,178.22571797882026,163.59457949882795
223.99978132726608,176.7457962695842,165.8672145926005
218.20244718402313,170.84966831218287,165.65034534228732
214.79505161592053,172.46327720981657,167.77463231806934
230.10139910834783,170.27397824029867,158.60611356243183
230.64311785097092,171.6937479603561,161.05619222027892
225.77804091804026,170.5663149901793,163.56340480904984
220.11397148130297,176.66256456603298,163.93366665689277
232.2062782898058,167.56703985221682,166.06322465919428
227.08429783006508,168.34290597479915,165.690999594095
225.98367038282046,167.0382890269567,156.77420690093712
223.5950567197826,169.3767911847968,164.12639974004495
226.27614680957217,163.4375255907336,151.93164442395585
223.7242054015312,161.59944707263193,164.87763561380368
226.70097486882807,163.0123922004836,153.634605094161
225.87281876274304,157.7867388537116,160.75963367702855
222.28353012811317,164.86914680594253,159.84132308058605
222.19895535305469,166.81232603291463,157.62985403515697
231.4196177578386,154.10314385848892,160.3480418994757
230.05420070956592,159.53253641936865,157.11262013333518
228.3555255014194,156.6746398972384,161.40478195388053
221.88113154493246,164.24738636614296,158.32211965309628
227.93457446839,161.24849340954287,165.603121190818
220.66087944171755,157.40844655146515,159.07622416556777
225.20494002695114,165.3085293760613,158.61508401936058
226.77948442302903,164.9708209459424,152.4979557649202
218.3502946103121,168.18504067561153,157.84097437992915
215.25677227591618,166.93038811146096,161.66257617772388
226.2026578200078,168.88233191373442,159.91516701042303
221.32157488778978,159.06732927652982,156.4453549213401
223.5070009202566,158.77588141357856,152.7771328673873
226.3075952022593,172.97033805666746,155.82326643838206
216.83974846751025,172.66464148340575,148.73234866776002
226.73682905801715,157.70055307635423,157.87983458838846
225.38386895791075,154.81809479926767,148.39913553708524
214.901760087104,165.95085595880906,157.78562189542245
226.7684065496648,161.2973008998033,157.4628803469519
223.78063524785608,162.25400240266293,146.95489865277023
223.42556159756697,158.94303418363683,144.73186700662345
224.2365393739403,166.01934801253537,156.65046058010552
220.95447961604393,163.71141305774387,146.72813319836408
226.1841759457498,160.0375629379733,157.3505257339929
218.68549813732133,158.79940661134407,156.53942926308437
224.49558938680997,161.9272701802062,151.04254474957094
217.27366500078475,155.78566628370223,156.34721927818924
218.6767757194866,156.37970806029674,155.50974374835718
224.3798448333087,152.54543588009147,144.0571641800344
220.58974433577137,155.42127837139978,156.62815653434293
217.354102549058,161.90210297974642,149.63923810408798
214.46700969675598,153.04392860901302,147.88057636345414
219.50721368183213,155.8467457352329,150.5839127595327
214.5476345906501,154.7573837529933,152.37408929416563
222.7782689402491,157.92619650044068,150.73465270219313
221.70655395369675,143.09324710423465,160.53710790309674
212.35245990699866,150.61825107558434,151.66594368347947
226.8421797942277,150.55150031863928,155.21276123032996
213.86198066208695,156.80644478981597,145.80855063708722
219.42075939455927,159.19696060703004,144.67416432384832
223.3426731416493,155.20650332238517,150.06233303001363
218.26469965611736,156.5759594032938,154.9179405866663
219.03004473067418,159.44648315547627,147.0237602353235
225.92525241711573,156.40788622267155,149.87163212339843
221.21292653848167,150.08197993563354,151.7889913808437
213.6876094993068,150.29151662454177,146.10381991348092
228.06746947195066,163.33919514788354,149.63659270193193
217.99890014851422,161.07996865252744,153.84641148299312
218.38507820275785,161.33619363461796,156.61915537219255
209.1104896224506,156.96436127115396,150.4040220026901
226.49960262887103,156.88250216248568,152.03296997045618
219.27717089701886,157.79617400656164,156.52300278213397
200.91319404979618,167.271812132127,143.43137457735196
220.7019154212511,148.29661890070363,148.3066281644336
211.6686985342247,156.04195534316028,155.14422291671505
220.11142035791497,151.38168330683826,149.06700829148534
221.3574775756691,152.83428338970265,146.85498568929137
221.3529252411499,149.32989227115914,156.54984488461494
215.61329753589314,151.98523451191107,154.01325013629778
221.85815556175103,153.118649570461,142.55638021799717
216.8007179201524,153.4716984120628,142.38480525090378
218.82355577622144,151.1462336852292,142.98096106899257
211.96308668049534,152.0731690173525,154.19233786636735
214.7931560025457,155.22550608933298,153.18826690649047
220.14268807719142,149.2028644247524,152.8360955704107
206.8819470762813,162.80765837723686,150.79762983337233
210.6872007385177,151.76647494342376,146.91254694008254
212.26623890402047,153.47349878457462,148.25895772444167
214.89930509185487,149.8179915378459,149.20215705324964
218.94429670258194,148.15262952102634,158.0965210975452
218.77172481120385,152.1371519141695,148.15846445279468
213.5003517734252,147.0186371272563,141.46624387053458
211.22983097038204,157.9929995278505,149.14267744327626
223.2404235318263,160.86818027280128,159.25613125851334
216.16845034529933,146.86416069222784,152.56329050820764
205.0681000042595,154.2763612941215,158.45776900367662
214.6637930513661,148.49594259234243,145.37554913854981
211.14794784943115,156.8831914836813,146.01213684233622
214.05885094142963,153.73609930728065,147.53308379492486
213.08027952358117,154.58587525700375,145.47851205618178
213.80318830679394,151.18149934118577,147.2506046230772
209.819045380957,148.693207231674,142.1982059616413
210.32817861730084,152.26759116093453,149.01838720795882
218.0475234072005,157.6037086572406,154.62197995600485
208.9451280686143,151.8544912672249,149.21205544835072
210.3466835249511,149.76935240456243,148.91305234518055
214.79115356172244,161.08047288944687,161.8042976283759
209.6725092399361,149.07121081246257,151.27983485674108
220.25818874447165,155.37483372492707,155.25833787512852
224.92130963588826,146.46263565552215,155.66299335014617
210.00639149728318,161.4750954322705,145.06262918786248
207.41848089881015,147.42639468290565,144.6204453456197
203.13377808719906,149.23789921813477,153.98614337462507
210.99660125038625,157.53826574951043,149.3164946876478
214.90125950034607,148.7855381118092,148.66808245235234
208.58617887134028,147.1153352513714,150.1493251631815
210.2666637424761,152.5981076757907,145.57658200644397
216.0916602821291,146.49881287050727,147.99467293360888
212.61631840604733,152.97272724470048,144.67211523351818
211.17832364950672,154.8925960564461,146.50789935990716
204.97866720722564,153.5962926767379,146.18360577257337
214.25456855632558,150.61826734223814,140.38897300512778
212.77953642580027,150.5937861875297,147.11809342038376
214.2098443624185,146.51134694312643,138.8540945240356
213.44323845032721,156.76843702791078,151.50024118755945
208.3821633508404,153.20701890445727,147.06802059020472
215.96937119080803,156.35505760111414,148.94598202835158
209.17666061440445,152.28909951390492,145.20080506065446
213.27131208460756,152.15081795719152,142.9246798003167
213.4855897108466,159.82325513836668,149.32299035105572
212.82420700767435,152.1054287479213,146.4379023964799
212.76660629312488,153.77520406989532,150.05621255577785
211.73240479178548,155.6282278609659,138.4595923583039
206.72939489945466,149.274442931237,144.64356696151103
207.9941976246825,151.80823480282965,157.2760755644996
206.16642108214128,153.45456924729396,138.81013672384327
217.63227619257776,161.60780378578593,149.9939079252895
209.82744490281823,161.2048522711465,150.9971367863285
207.26518236932185,151.35050010340927,153.79247609946643
210.7335286899076,154.41533871484808,143.89843987860215
218.71324886586575,153.49028773916731,149.74361821064838
214.72829317923757,146.8257518799166,144.76678103165932
208.5000000000046,154.99999999999997,150.4999999999997
214.72829317923794,146.82575187991674,144.76678103165872
218.7132488658663,153.4902877391666,149.7436182106479
210.73352868990605,154.4153387148486,143.89843987860232
207.2651823693221,151.35050010340964,153.79247609946606
209.82744490281888,161.20485227114628,150.99713678632855
217.6322761925755,161.60780378578616,149.9939079252904
206.16642108214018,153.45456924729407,138.81013672384344
207.99419762468253,151.80823480282893,157.27607556449973
206.72939489945523,149.27444293123693,144.64356696151114
211.73240479178688,155.6282278609649,138.45959235830367
212.76660629312468,153.77520406989487,150.0562125557781
212.82420700767346,152.1054287479208,146.43790239648072
213.4855897108466,159.82325513836594,149.32299035105564
213.27131208460847,152.15081795719215,142.9246798003156
209.17666061440437,152.28909951390486,145.20080506065483
215.9693711908075,156.35505760111295,148.94598202835272
208.38216335083973,153.20701890445864,147.06802059020492
213.44323845032673,156.76843702790921,151.50024118755923
214.2098443624185,146.51134694312643,138.8540945240356
212.7795364258009,150.59378618753018,147.11809342038566
214.25456855632595,150.61826734224277,140.38897300513096
204.97866720722595,153.59629267673645,146.18360577257036
211.17832364950604,154.8925960564457,146.50789935990676
212.616318406046,152.97272724470008,144.672115233518
216.09166028212886,146.49881287050658,147.9946729336086
210.26666374247685,152.59810767578955,145.57658200644346
208.58617887134028,147.11533525137082,150.14932516318137
214.90125950034772,148.78553811180885,148.66808245235322
210.99660125038568,157.5382657495105,149.31649468764704
203.13377808719918,149.2378992181348,153.98614337462539
207.41848089880992,147.42639468290537,144.62044534561963
210.0063914972848,161.47509543227022,145.0626291878617
224.92130963588812,146.4626356555218,155.66299335014625
220.25818874447202,155.37483372492918,155.25833787512877
209.67250923993413,149.07121081246268,151.27983485674147
214.79115356172036,161.08047288944718,161.80429762837633
210.3466835249509,149.76935240456066,148.91305234518026
208.94512806861738,151.85449126722366,149.2120554483503
218.04752340720287,157.60370865724022,154.6219799560047
210.32817861729947,152.26759116093405,149.0183872079586
209.8190453809571,148.6932072316744,142.19820596164172
213.8031883067954,151.18149934118605,147.25060462307712
213.08027952357983,154.5858752570036,145.47851205618184
214.05885094142835,153.73609930728088,147.53308379492452
211.14794784942987,156.8831914836811,146.01213684233633
214.66379305136672,148.4959425923422,145.3755491385503
205.06810000425975,154.27636129412144,158.45776900367696
216.16845034529948,146.8641606922271,152.56329050820776
223.24042353182665,160.86818027280157,159.25613125851373
211.22983097038107,157.99299952785162,149.14267744327603
213.5003517734256,147.0186371272563,141.46624387053467
218.77172481120576,152.13715191416972,148.1584644527956
218.94429670258245,148.1526295210268,158.09652109754555
214.89930509185578,149.81799153784576,149.2021570532514
212.26623890402118,153.47349878457476,148.25895772444287
210.68720073851844,151.7664749434233,146.91254694008143
206.8819470762813,162.80765837723686,150.79762983337233
220.1426880771924,149.2028644247522,152.8360955704129
214.79315600254873,155.22550608933207,153.18826690648766
211.96308668049684,152.0731690173518,154.19233786636798
218.823555776222,151.14623368522913,142.98096106899266
216.80071792015204,153.47169841206366,142.38480525090358
221.8581555617508,153.11864957046035,142.55638021799743
215.61329753589277,151.98523451191195,154.0132501362974
221.35292524114925,149.32989227115888,156.54984488461463
221.35747757566844,152.83428338970228,146.8549856892914
220.1114203579155,151.3816833068381,149.06700829148522
211.6686985342251,156.0419553431606,155.14422291671445
220.70191542125218,148.2966189007039,148.30662816443353
200.91319404979703,167.2718121321272,143.43137457735207
219.27717089701906,157.79617400656207,156.52300278213426
226.49960262887026,156.88250216248582,152.03296997045726
209.11048962244934,156.96436127115382,150.4040220026896
218.38507820275618,161.33619363461747,156.61915537219355
217.998900148515,161.07996865252636,153.8464114829925
228.06746947195296,163.33919514788312,149.63659270193156
213.68760949930817,150.29151662454268,146.1038199134808
221.2129265384813,150.08197993563292,151.78899138084304
225.92525241711704,156.40788622267135,149.87163212339814
219.03004473067472,159.4464831554753,147.02376023532378
218.26469965611804,156.5759594032944,154.9179405866663
223.34267314164893,155.20650332238515,150.0623330300135
219.42075939455898,159.19696060703004,144.6741643238483
213.86198066208678,156.80644478981608,145.80855063708702
226.84217979422826,150.55150031863923,155.2127612303307
212.3524599069983,150.6182510755855,151.6659436834782
221.70655395369627,143.0932471042341,160.53710790309654
222.77826894024957,157.92619650043994,150.7346527021937
214.54763459064995,154.75738375299366,152.37408929416554
219.50721368183247,155.84674573523316,150.5839127595328
214.46700969675518,153.04392860901186,147.8805763634536
217.35410254905727,161.90210297974477,149.63923810408872
220.5897443357749,155.42127837139986,156.62815653433412
224.37984483331073,152.5454358800923,144.05716418003445
218.6767757194866,156.37970806029674,155.50974374835718
217.27366500078378,155.78566628370262,156.34721927818865
224.49558938681395,161.9272701802058,151.0425447495745
218.68549813731923,158.79940661134216,156.53942926308338
226.18417594575018,160.037562937973,157.35052573399247
220.95447961604455,163.71141305774222,146.72813319836328
224.2365393739406,166.01934801253532,156.65046058010537
223.42556159756475,158.9430341836357,144.73186700662376
223.7806352478552,162.25400240266202,146.9548986527699
226.768406549665,161.29730089980342,157.462880346952
214.90176008710384,165.9508559588089,157.78562189542248
225.3838689579114,154.8180947992671,148.39913553708462
226.73682905801687,157.70055307635417,157.8798345883884
216.8397484675112,172.66464148340506,148.73234866776107
226.30759520225908,172.97033805666746,155.82326643838198
223.50700092025778,158.77588141357896,152.77713286738754
221.32157488778932,159.06732927653024,156.44535492134
226.20265782000607,168.8823319137342,159.91516701042283
215.256772275916,166.93038811145996,161.6625761777236
218.35029461031172,168.18504067561133,157.84097437992867
226.77948442302934,164.97082094594344,152.49795576492002
225.20494002695253,165.30852937606187,158.61508401936095
220.66087944171915,157.40844655146483,159.0762241655681
227.9345744683886,161.24849340954242,165.603121190818
221.88113154493266,164.24738636614322,158.32211965309665
228.35552550141946,156.674639897239,161.40478195388008
230.05420070956532,159.53253641936826,157.11262013333527
231.41961775783818,154.10314385848926,160.34804189947542
222.19895535305386,166.81232603291434,157.62985403515694
222.28353012811343,164.86914680594256,159.8413230805866
225.87281876274332,157.786738853712,160.75963367702872
226.70097486882833,163.01239220048367,153.63460509416066
223.72420540153115,161.59944707263256,164.87763561380376
226.2761468095719,163.43752559073454,151.93164442395542
223.5950567197825,169.37679118479647,164.1263997400454
225.9836703828215,167.03828902695682,156.77420690093697
227.08429783006508,168.34290597479674,165.6909995940946
232.2062782898077,167.56703985221841,166.06322465919519
220.11397148130297,176.66256456603298,163.93366665689277
225.7780409180411,170.56631499018079,163.56340480905186
230.6431178509716,171.69374796035856,161.05619222028122
230.1013991083501,170.27397824029887,158.60611356243163
214.79505161592044,172.46327720981637,167.77463231806897
218.2024471840218,170.84966831218253,165.65034534228673
223.99978132726585,176.74579626958422,165.86721459260028
218.9856789566521,178.22571797882034,163.5945794988274
219.55670611001378,174.33995382087784,166.368145475639
221.0920587739938,181.9243004179826,166.14041070757625
225.51659229706294,184.13685086039334,171.2889844847723
217.38177911562013,181.371115217158,166.55577783741026
220.13321694199269,190.00836493435503,182.58174919773694
250.9203337865088,297.5844020914984,297.6008887055617
288.00101828678044,326.02318190633537,96.93503719573248
278.2552224515137,92.29219021341514,219.72698471760927
257.3341237734668,154.82981949710648,185.36655806223996
244.07412542203085,167.72570313129808,178.5446839862271
241.55443683853034,172.9475810897784,191.5413185727922
245.5165591607492,159.42944762385736,172.0369806959671
235.86661285367083,166.7573310245539,162.18471337154787
225.86562138208114,163.053899462905,102.81158417221268
356.50341430932735,160.97246146387624,160.96000206736645
313.97407197665666,151.56202559422763,142.02830191092013
180.83842848091834,157.00167996556456,156.60941848950583
181.8919066844202,122.02714012062523,269.06486886664914
215.92682642376005,365.3630262075651,461.21564339537525
291.6899294397497,532.4372208261144,455.2785832590668
717.2402685454674,334.9281449199204,215.70342930917593
154.079485472608,37.01357725892344,163.35345912527612
159.61233483414674,187.6714331414584,133.15078838968554
356.24431863117667,205.36947483910285,187.38955423172465
88.03983697940276,212.94846640582568,99.41744331167881
263.61613413465625,205.07711895008956,180.11296594793706
358.0207642011246,157.43019045399532,252.72480873202343
316.49802991757963,128.41672328291912,158.1641135113036
101.47506740406803,110.16869766343271,154.71411460918293
283.1588489271406,139.80788933005894,151.94116471237294
244.74524578182292,174.97084925449565,139.47354191830294
239.58585982234598,174.54181882980316,186.30648377667296
244.19612317200463,163.59508802798172,235.0384846314253
241.58840664585406,152.38605353278135,163.22724335949584
233.38902503380297,162.7166960205958,163.78720538017282
245.2539317570242,166.74373125672534,161.98700506379754
247.836804377699,167.70137585369804,167.72069693967376
242.94846955942205,177.25046275864653,153.44654186321694
237.01840504102165,162.20400522066174,154.8162861000363
234.43169539272913,172.44096565277516,162.23550762701583
237.95326493625774,170.06063929616727,163.2629091354129
231.9106010631188,164.31660970185817,165.92754223333642
238.05011510517303,154.95032038294485,153.72368671796679
237.82238883804402,160.39334950520467,164.55558817466243
178.02231785787654,167.07729656138468,150.47827804380213
227.85370763590464,184.23788395535126,162.97482630346485
330.7062030174649,201.92872003792922,180.65626375517343
261.04879119925477,212.3626099122908,163.47312064693682
260.6726457204155,208.30541478389074,159.3104340864236
269.2621385779448,192.92690597389714,170.99433559239105
209.1628698330057,191.51434973187767,210.9372931984212
171.9097852176743,313.7993595695873,176.6749823008597
630.5711060282855,471.8399917098586,184.93865819162173
209.54877847366174,106.30241014025579,173.45602608929215
379.4037533108241,266.0490489686405,212.2810201420846
447.16649844821626,128.26121822743173,300.98090796646983
241.44391026115022,625.9133419919451,465.2024134920673
509.3380578204232,294.09179578464426,452.69313940803465
145.33526525059133,348.7464306730268,169.69637819092821
505.43670492813175,514.0933499970213,155.77370766147342
201.5660969126374,92.66280050378904,349.6388096415445
167.13360656988706,158.21678628071462,287.24446849281657
422.2655066838822,358.7449592275774,44.75342230735769
912.8602880721394,487.76251360210307,408.8430679637827
426.5244683440854,443.323939285686,429.96400481934324
626.5237861509468,453.74970412257136,303.7245608586518
764.8114592020572,561.9444526217914,224.50669688766544
372.56006723443556,265.77388035054196,297.5183613337764
270.29805092621325,467.6693833364272,312.98352535182056
303.53192263647344,114.17134869965763,202.72419955714676
250.76847023175193,162.44946844189286,196.08019133705065
252.76116695983345,182.02396536633142,195.7134855692993
266.66960979549197,176.00746558027626,192.17658012040184
266.7891327368497,174.18631642517818,186.01213617067694
266.6363780069466,179.58116487599025,191.92489405770522
270.1727665499078,177.44266170759389,196.12032322361813
266.3167119891595,178.8059485954208,196.38418929220848
268.8778757673975,182.3609256345594,193.81418290652104
294.71304755298416,192.57567687933766,184.57731102537687
264.3502505925136,195.53144485451045,180.61430622177295
251.65123216401787,148.41880101945574,173.50910020900184
264.4469922351809,181.6361920375512,275.55350368836105
341.5315334743199,180.1038928643219,286.5578076863763
318.18126911799123,97.33644113441723,354.332368726599
156.4099005929643,618.6452700712608,283.7979025919332
830.4312223750376,616.7171878977189,314.58800217743095
453.0378909440091,359.5636093155795,370.89575022650575
319.40373998957233,244.45384512430164,245.91608033057142
441.04289926535046,330.10665834913567,233.09785812439105
289.6523983648615,193.38282870643738,159.56379153366055
284.52383402693044,218.6856423623601,265.69039818154187
260.3316301314415,322.15443095071015,197.88309039514863
579.7041090743911,363.7321079566203,167.3586402360045
256.02453105372246,338.47124189335807,313.08678646486663
192.1548132632715,290.52506229884494,243.78408796758876
554.0682061241174,317.6984376566905,89.51354149479529
435.33588322868025,212.83451280967464,288.3040545227548
294.903711371974,149.89787056615683,300.9190470427125
172.85507641324298,152.4202905798494,66.69451540484673
375.1211265936086,88.37444781829903,403.550894360816
718.3174467521204,515.5466091789509,250.2566488877976
483.39618960093213,250.43252343778371,367.5821720630126
270.89482577658447,168.7669358771365,106.01615902258038
349.05213017492787,190.6499420545503,100.4353526147358
492.2341641652627,244.6908248318584,66.29292688185222
496.62595536945577,265.2474154928316,150.6776795982072
221.20958413606192,258.50327408826575,277.6068790049196
268.32571897694913,265.0794968690872,378.0875945849595
41.845980316221706,285.8809423545598,124.63997632745654
423.1467121024919,281.9522750120207,360.90429486336785
501.5066486229548,301.2046961163323,211.2167002301268
112.32435620304912,69.20801731192903,146.13368767104262
232.9504798670849,110.50728078925373,130.72588853536297
446.29040695238047,152.81694747472793,144.40749675348658
410.6600309892825,167.19625129063598,136.59070075490936
253.1171460977656,185.00439855559057,141.7719908484418
129.32190919635343,160.43724627056454,142.4095245891735
427.38323202307726,114.67822944472367,140.07546780404124
674.2508748680084,138.6327519224318,150.11296029532204
414.5034193101176,198.49693398581573,130.43297554928674
221.15893742956828,167.9974517113089,143.45285534524282
292.34623429890877,439.9588571576488,298.98253363180294
359.00283139669057,257.1039579643781,151.62508276373228
496.8207416284494,264.62917335403097,146.19212042758485
428.12447674110825,223.26126526746157,133.36109552730176
233.80144442742005,190.91351480720425,98.69165420068732
14.463253346097083,459.07658599099057,326.899086741081
329.8249878206224,424.37042466888437,465.7278972728452
474.1120170117918,201.88059491141792,207.82375687181477
827.7864168500294,185.59800346540322,186.60862587735582
937.4044752674325,319.9189580835471,163.67789474828743
279.29376099208474,661.2579176910612,503.0626383875827
639.3378935904193,512.0130829044215,837.5157091360838
1056.2256086749687,1061.1776002467711,265.7060843301
898.1249642769501,570.8131317561139,684.3570878669242
718.3427638448929,1086.580621692617,310.0623652015802
155.80428178602128,293.84402158625335,488.31047376034866
585.7171603526648,459.2454771434652,226.41404431276067
335.3175355969278,665.0806781768473,318.6889887336291
369.88545612002787,327.42198433155204,360.5612104031847
749.0119205420356,591.0256152274067,493.50534387284273
181.72837281646514,540.9064526336663,189.4239967155419
215.97998268144178,262.73219894100083,692.3786958926717
331.03892640365035,1326.96655121615,685.5624211434365
1191.6781242110126,811.0603249109054,857.4667157501531
2054.3588561551446,785.0957080980589,1170.5404881037502
472.746364203432,994.1514595417412,34.28609896672944
1290.142328137181,1159.3434750149038,104.68911360756019
244.20908813845273,313.5967265572084,1585.3514399042824
1381.4943002048756,1338.0247377411147,723.1324792814097
14.263998732004929,395.4701802066674,460.61020939088917
1451.0977145340646,1047.3363833460903,776.3101766225631
1512.8418376731345,840.0101445007846,611.0260412450214
539.6402167097208,291.81610120510373,276.2150325134765
355.4431110009673,166.38222899291273,169.098663843118
312.5451670321024,152.52485893887277,241.46756599439004
320.76974156322814,107.09482250282109,307.6592359134946
337.22089442678845,65.94855449359675,254.01461556481536
581.1496065496356,254.19021537957522,341.0235027379821
1597.2115699191484,857.3390631357092,384.8699779161653
243.23839673278246,573.4675054170023,258.6092165339475
297.64788935430477,208.01471378895297,105.39744619173679
311.2340616843569,395.1869568800856,367.8929309093575
1334.1357703527726,1090.5450400137258,947.180991561157
745.6311878498993,1102.3885436558282,764.4315121084136
463.1352596433728,400.6817994696475,808.1624599066508
150.08459691266737,190.2624028641274,752.8624830141126
2138.6760819013502,1996.019090107632,2131.5326941551593
2109.669589528012,1940.2285196907867,353.5479633984105
1882.3771344013307,650.102737293859,1849.7126068953853
1152.1998023003387,2556.5057667797655,983.5827605727311
1245.050711801051,1716.8466154512735,1779.115509766947
2783.2902330415995,2906.1894386781623,1017.4976191435259
1867.4853969550938,1392.0910834599063,1435.3675118053998
451.1546859070285,1636.8087230408876,1045.2877836229738
3096.833569733986,1761.8766894902653,1205.7194340859157
436.6796886950398,1911.7046772129574,665.120059743819
2527.1229855792794,1235.1885831780237,371.6292344346842
973.6369469086777,1702.4920481745148,1847.3701131373155
1852.4576382667108,643.8424681911371,605.8356734427455
161.76743947892328,547.7211455386234,422.8907140440503
456.0250832479036,133.7267839931456,258.0197171330377
505.2076234449642,685.6359787695055,672.7306640563355
355.06210824810825,530.4230414708597,466.6015663005542
1343.6848216331139,1282.592911055729,681.0902077414144
752.3396913248831,543.8381314254189,482.5672127784193
1214.8184857284537,112.33158136748753,647.8122024022144
714.0247232282252,583.7994304395974,218.24527125294563
286.8962241921462,486.7723634748321,252.38974504193297
436.0498355189945,267.6770944064917,204.18542072673353
412.08197813692783,256.13977275935883,141.4638885463986
469.2657026792061,274.9649437000611,54.08037744614226
487.2828423099838,274.6075649199339,264.620122875996
982.3303806893254,629.6429693350454,497.6820405926131
702.5682565005001,226.17461595218762,378.61794646986044
521.1298492915604,458.2147296089076,415.0992938156219
409.67598292020637,550.8975497796922,482.17186572851557
148.91480665052686,499.13939229252975,611.7801584603636
505.3326035825482,366.867129367953,288.4344768310237
411.85156008274464,326.3759380687367,345.0130196210233
431.5168622419593,326.4585335756755,302.0820119134799
418.39532848153226,321.888329777501,298.5519857019251
419.7666944820921,313.32018865466483,294.3444971110537
423.4851668260994,316.1486212762187,279.83336065490477
420.81247759865954,312.35490384931325,280.54063011604063
435.9800281843384,322.49861951443324,277.42440281053484
447.06811630064055,317.6264318302546,273.1274537301345
464.1385084520524,322.26128166117724,268.77135403499744
473.5023446568075,319.7836394146513,267.3481587750957
483.9778583535565,337.0456983465696,247.19725435940873
501.10003089201297,350.57295385957883,241.4906005147467
503.1676676673547,310.61317252213547,293.9321183253905
523.1200320679756,251.85311185552342,498.1116013557275
650.5593147543917,181.7847169746621,506.1255704575671
720.9704258592469,251.06371769222034,552.6073403267469
613.9778251859807,748.6692438655147,422.4846291643495
156.1852361941828,778.0765578349198,150.03009502242597
747.5983018139486,636.3959817911839,103.23972115375041
59.611242544221426,611.2039440833117,301.97021624382324
754.3951949065994,499.24480422451865,516.5827233799062
178.0730783579118,245.95407709055291,259.9154661603622
587.9919932911678,115.5315531648689,457.10055507631347
414.2775016388427,161.16146735472213,563.1525087686261
734.1480731772274,175.77239626803848,93.59705187620203
679.3604487786736,812.3401602155756,925.9676706654249
735.4722715461714,283.60456624550494,633.7136466635579
567.2491130047141,674.9508808002217,561.4353952527936
1051.659744228811,892.1711220175265,748.4274317737551
981.6185640941314,789.2201443595701,1199.4026987869033
1597.7646334113908,605.1293642693961,1598.6424702644758
1519.8006660522005,825.8787088612196,364.0307191442811
756.0639844499718,176.4088661949944,407.29145741633357
980.7250779412309,180.17872107697843,502.1479200568808
688.1937896242042,404.5919482546282,567.7210405900238
603.3623167548278,1380.5587017575465,826.7006372407637
989.9760297610209,346.2906827212683,317.9991245008816
427.841166999602,799.0549691624838,411.351595764707
1272.7546662176323,558.6913583219829,394.6607824082749
632.1962075805055,224.92209149746552,399.43052154839603
783.0108463506774,1029.8788484618378,175.88369927808995
1837.9418550794971,753.3594533830103,250.50103254049674
434.95826794519104,999.9279877685722,181.27933170412365
1933.9550631307868,710.2988130338244,571.7820291457263
528.3671326510658,546.4942200122188,545.6490862904643
552.3562054982267,561.2972289817848,574.0098287220288
1554.865260158889,975.164397611173,592.7196115953625
758.1099044668791,673.7218388911679,1142.583224758717
619.4289093911822,688.9545270002606,455.4815812043974
450.0666179319959,862.0729348153229,1056.7662376434757
871.0645510915263,445.90445513316445,74.35997918479814
469.5839261516611,308.15498511834204,930.6484964429474
1745.0842418520406,812.9218120829581,766.0692214776781
386.8077323317781,1062.9391703566255,1073.6626997816259
1150.1197742272109,1072.0562794645202,215.37402976891946
408.8682364815175,436.8356758207523,923.9746667916647
515.6820161811224,684.5346217155403,460.4432466239008
192.06350000081494,564.3770677811317,566.5324600359982
584.4415037832485,66.32660342485653,711.9573537517246
1531.5704715785748,2636.1544594667484,1992.8035437094063
1052.2142719685673,695.5519660021172,1158.7875490686583
1753.9191350985013,1378.0144768524206,1451.3446077396843
1847.571936638886,1242.4805620189359,1170.9457524439097
1393.0064611602895,838.3884180815311,602.050949900836
952.4472572209951,452.67559581998205,264.2826340457778
1232.7092708011635,559.9562204961821,563.0249147391406
507.5631766615128,421.7589833056482,501.51978446085303
726.5480379135081,429.1375443311877,704.843330961272
546.1991860649767,576.3747706407105,518.5734738952991
1105.013896363789,515.9185572256796,389.25258279351374
687.3030813934391,490.84968351572047,399.9177850224472
657.1281275600344,462.08183840405985,444.3497361750344
636.6234125491948,420.18568931730186,451.61220649539456
644.1081199496697,407.57528672871587,458.8127571095615
638.4192238803598,414.3583144429577,496.5846461260623
675.2760442954033,266.11443379829433,620.9023480775129
750.1979864506674,665.8173173882687,820.9983104064354
1024.5934646909725,542.9985582818224,391.0764700667121
614.6217513726967,786.3896813254919,444.1991058072227
662.9817911528581,562.7408359914086,319.9512787617962
313.44496347029354,562.7795746448802,335.6772491410254
606.5231395177594,518.7733155557102,369.5178384095295
616.4093772763333,480.85921062326685,366.8669338399348
614.2419312211888,485.50074136010073,462.9872869713329
605.9469772143002,258.5980693320489,686.9330993241309
377.69635715127606,944.9267356543212,277.18623373592527
1080.1212907842762,903.2045786713002,556.2606597849393
607.3565079783124,617.1195066740861,739.0174666765859
993.2962514173913,1225.7495813306023,233.92174319750092
812.2337606566218,1034.4574891513453,382.75904628872325
869.655155432225,1160.6821858501703,194.44955863052334
1102.595106040942,1346.3314518058612,1022.220192192536
249.8166451440031,374.38415724368946,721.2704136154299
423.43425050267524,235.36911049891404,478.75292592366367
371.6550436581125,940.5689425588388,1160.8143705397677
786.2554716589033,404.46154047084474,1415.309720630751
970.4179594376122,894.0958905385437,1009.3447249533339
270.98479298011796,1465.466885609145,831.8884472686683
1212.3545629028326,199.7979806938593,653.2992099557382
950.6314001577313,507.9729329476132,633.3775672217914
915.8844612480777,547.1016487904388,492.47448686628405
799.3283579222873,377.8960485559106,539.0317734471672
1309.985359751662,154.11331484710738,753.9817179802923
1011.4625202826917,551.0299965951206,366.41464112243256
1009.8628128143465,1029.0223159022553,693.9430802829936
1567.1623882149186,256.0256378822389,662.4624904042871
1051.0528256016894,672.3931063935825,599.6740494610044
1286.7524851713194,861.509211678014,583.285300278464
2262.133920334382,653.5292703185755,626.3822351677852
1175.553105792313,2032.7273027203996,943.8548275184614
2065.4483278181224,2257.778744488992,1871.7214810318303
1464.4833875888512,1845.4292368671063,2075.3002059527907
1144.0627501304148,734.0249826414713,1578.0490710158085
2202.5494792822246,1694.0949803412166,588.2894371996805
1672.810999426881,1983.0697032928913,1012.2418388548487
2826.8973599550495,1029.6156274963405,1434.8216856409804
2227.471893431725,2535.4663144583787,1617.1033272459802
1157.739638734523,1804.4063338889437,1970.1453117052754
1732.9569884683624,2437.9950618442776,2105.6973083274306
2357.871510773883,2677.9626717586084,2164.066631126783
2121.042397182505,3621.8261411759254,918.4283701118001
5479.017837216751,3313.8874815859117,871.5834855910736
2834.6778157728195,1443.9897083838473,1107.7001711837484
6000.049885760699,1950.5578496495534,622.7239259914305
3525.417630287837,1457.0979005260472,1119.1979253237448
4632.482213658395,2570.699957573277,4111.955020115639
3998.6725471188506,3067.6262356116317,2068.717843584477
3676.377477435969,7058.302613647954,1932.3337998048173
10233.694819947457,1087.0678168154127,7444.1009549832215
5402.905142914019,7028.9430226474515,976.462536585554
5998.55006612578,1297.914945874322,2489.142010133297
5805.39769079564,2873.815032651872,2022.4079900146576
9521.229047363293,4166.390935562221,2415.2367691329187
3211.5294515393634,4408.647316863465,1114.395920992572
5499.169568283323,2918.043780031862,979.4879440720365
5592.242942406332,3031.702655591024,251.44576706987732
660.5943189196306,3162.9043205080593,670.7461589331883
3694.6101567764595,2158.01618450759,196.91218456280504
2019.9123065056303,1277.0396060044548,299.36050053089343
2211.0406932040864,293.7519019963056,599.7685847280288
2518.718270505314,315.57862031740734,442.78589182454283
2197.9698095589233,489.81605743704176,637.6246760872689
2403.99179281451,475.490129925037,608.5950350293233
2082.466920173395,818.7581158741699,624.1571888181348
1401.2704574742386,482.51901556427663,885.5578629114094
1843.9399609333661,614.6555528621684,643.6383461839231
1574.7447229195889,456.9569626180556,735.6173955807787
1364.0438201475988,624.1520103755787,712.0759718405071
944.9172751978189,570.9177662923889,1130.1504140542338
854.0297922415643,121.88347928527924,508.110603328188
1509.8256279397294,600.0922913096213,716.2882862489089
1492.589437543454,244.8542127575959,838.9301253976281
907.0935094108339,881.9462753443803,2059.555277820075
920.3799139348733,683.4280090831238,167.9253113209246
1332.7036262882084,649.834910493989,1563.913467342537
712.9493630518962,1093.429697837644,397.92630562156364
2215.1221326802233,2041.2174280315485,1854.219982424579
1797.1878684816108,554.7250224058064,1611.7249314086885
2119.3307548233147,1488.3858017052262,1290.6081400131652
697.7088795781746,509.794447229199,1012.8928053217174
1273.9303172904495,720.1329963300445,573.7671518929395
969.8605603979091,344.964249966314,226.44625946482194
368.26422838056266,1142.1444260133587,276.4573386873886
1325.2043424244587,1443.7945978020193,164.20363295871792
2861.857189940539,1366.9868780747242,2342.6119769092406
4816.137037056698,804.4554526988056,2969.771696112996
2826.2187245926298,2232.728032534776,2152.5690143007387
5683.5504928970895,4435.209137741984,2939.291989697628
5141.13936795239,5785.1300061867905,8973.024633736462
7147.259083058631,3024.480155196414,10683.298776419282
4111.144115311795,10226.49584198445,2732.777521529136
13666.695555600123,2875.9932218596755,1819.162514598129
7987.827376295072,2204.0457715710095,1573.8362946708312
9219.937857600435,7962.63272736466,5916.462571644559
16377.207870681355,4375.978235400122,12733.819971299761
11054.653510109432,5593.096085023329,5629.252475166535
18220.314418594604,7261.394140980088,3598.703699793704
10528.090558856542,7150.725165119521,4107.417212919691
10473.371798463362,8559.203294547715,2172.516616851205
8772.75441882279,9908.14608312907,6897.660932639092
5768.909950528448,8781.136302665534,2317.81477130959
16159.64132479558,8246.315231744802,6269.495917791149
8913.973595609723,5707.885063181369,7199.973060295233
15015.474681333082,5996.502802963016,8382.144593107225
16629.54843724337,10746.794371779835,3430.1048886230824
27244.841477740752,13415.919231331543,2930.5051158340957
25778.44954215138,8928.39777415375,3823.9267940419336
23357.227415111112,12176.666792802756,2825.422219033662
39035.169322648035,3788.937813516214,8318.032054609492
21499.5169627784,11901.199254747617,8099.98148012614
26369.3655304426,12456.465488575765,4977.805960922635
27269.65670991201,9791.159738227734,10490.15152924916
39786.2829934903,16637.861612098874,6989.5719316848135
36843.173126199385,30307.719553416144,13469.966763180373
17367.840875765658,4382.167457630586,9018.916105139102
35132.55151956317,19102.64464410149,3804.579958964933
7005.585020117032,12074.746429381988,2410.083127758201
19443.235397372508,2561.9002086876817,2187.406352170079
8530.149619973485,2159.285654347193,2418.4332559748914
7772.150140551433,4998.390998085675,2615.1489994056933
11328.189067357242,3518.069975162307,3787.354606190383
11995.638175701575,4263.229617366936,3804.7270013157613
19928.428898301023,8846.6541124983,4554.35786312028
11418.16511457158,11699.745675421293,3432.1666825012267
11714.714286926743,12314.886994493752,7145.103063763562
13864.878420734562,12472.57678975087,8397.928602241302
17007.24162495584,15078.071763364209,11576.249975861147
31837.42604892164,25091.356073199648,16367.775329227783
65924.2112942387,56319.66031033522,44286.14526127645
114876.9073841388,103283.39613009867,89413.90935209954
16773.137174014806,20941.248630164697,21679.56244579383
