0,1,2,3,4,5,6,7,8,9,10,11,12,13,14,15,16,17,18,19,20,21,22,23,24,25,26,27,28,29,30,31,32,33,34,35,36,37,38,39,40,41,42,43,44,45,46,47,48,49,50,51,52,53,54,55,56,57,58,59,60,61,62,63,64,65,66,67,68,69,70,71,72,73,74,75,76,77,78,79,80,81
-12.883499,-7.7797394,-4.960491,-0.6838665,12.883371,26.642963,29.88839,32.496296,33.85282,32.20923,29.274916,27.005583,28.550865,28.862364,29.718214,30.592445,31.340675,32.639603,32.32359,29.658934,30.059141,29.615881,29.526627,33.799614,35.981823,32.578156,28.764935,27.042694,30.191175,29.991783,29.662199,28.64985,31.294361,30.20822,25.234283,26.32152,33.082546,30.800053,24.754108,25.899673,26.595015,24.454033,24.026394,25.703917,24.165905,18.963512,17.349466,19.765041,20.02873,19.97083,21.098856,19.612074,19.106483,19.131308,19.664589,18.431818,17.000786,16.389267,16.16624,15.858379,15.717396,15.724644,15.476833,15.9280815,16.474247,15.997082,15.923496,16.538353,16.32801,16.083439,15.565445,15.904739,16.52478,16.546097,18.429436,20.148449,24.720608,25.556458,27.59077,30.548641,35.77427,36.874413
-26.476429,-24.622051,-25.37776,-31.969025,-3.088354,12.209132,20.886967,26.849655,31.723526,33.91951,33.989597,36.69957,36.543797,38.975418,40.442413,39.453568,38.01266,38.765797,37.329704,38.1751,37.417767,35.839264,34.952084,34.77167,31.90909,32.33622,33.786583,32.4028,31.596046,29.332586,29.313986,28.516659,31.505413,32.16614,27.543507,27.315125,32.768875,29.498098,25.891144,25.565384,25.938286,23.82439,22.970434,24.326515,23.882708,21.268003,19.064232,19.200203,19.177547,19.921495,21.147573,22.067892,23.231693,23.896908,23.081697,21.487232,17.917542,18.800745,18.542511,16.166332,14.418007,15.362511,14.000057,13.572033,16.109192,14.058399,11.828506,12.258812,10.275486,5.553547,8.099884,10.059643,7.618088,3.2642593,-1.1225243,-5.6482353,-25.59187,-23.211952,-20.61095,-15.86792,19.647808,23.911564
-36.59735,-38.21318,-42.842903,-57.806267,-26.753897,-10.5964155,-2.1369343,1.8902836,2.4256382,2.1256428,2.6419125,6.629298,6.6677284,5.3018227,6.0178356,3.5268917,3.6921587,3.2038746,0.95198536,0.18499565,1.2391491,-0.5898247,-4.1453743,-6.0835476,-3.0798616,-2.8739796,-3.0510292,-6.8310604,-7.7668552,-9.733831,-10.291538,-10.471213,-9.791614,-9.532993,-10.5578785,-9.918871,-4.3910856,-6.988535,-13.908493,-12.676854,-12.12776,-12.910398,-12.352016,-10.265445,-9.369861,-10.223378,-10.500454,-13.516066,-14.286154,-10.8025,-11.276631,-13.745253,-15.066242,-11.060714,-11.3886175,-15.810859,-17.264729,-16.97894,-15.565196,-17.336487,-22.608295,-20.992847,-21.028954,-23.880716,-22.67389,-24.892029,-27.355518,-26.05843,-25.989187,-28.768608,-28.860573,-28.075512,-29.730633,-31.392082,-33.495037,-39.72287,-55.066227,-51.10261,-47.05127,-42.819263,-10.428402,-0.6474457
-39.01085,-41.469273,-47.60116,-63.359356,-34.54799,-15.410166,-6.816972,-0.6274681,1.4365063,3.3109665,2.4298134,3.333229,1.4921827,-3.0885792,-0.26241875,-1.1543903,-2.3618374,-2.3289633,-5.957138,-3.6501703,-2.9797173,-4.4894114,-6.877693,-10.003879,-9.508414,-10.958603,-9.499063,-9.641293,-12.233098,-12.1299925,-9.406563,-8.506228,-8.552801,-6.89227,-8.320402,-9.44679,-5.9164505,-7.4791126,-8.666051,-8.7074795,-11.448919,-12.377536,-11.771708,-9.820484,-11.5634575,-11.686789,-9.585672,-11.163785,-11.793478,-9.755704,-11.969602,-15.472169,-15.358362,-11.656772,-12.913053,-19.426117,-20.905853,-20.351711,-18.775372,-18.995453,-20.342644,-20.948072,-20.275646,-21.472527,-22.347008,-24.787987,-27.705914,-26.807339,-30.193113,-30.897678,-31.049297,-32.76601,-35.329536,-36.95485,-36.50557,-39.581314,-57.926224,-53.89058,-49.877586,-45.688335,-16.00608,-6.255104
-32.876495,-34.984585,-40.03344,-48.730003,-14.257977,14.808027,27.772854,32.05401,35.710793,39.006737,40.303185,39.014156,35.52853,33.07043,36.504173,34.557053,31.57299,30.158974,25.946184,24.43887,24.141954,23.539062,21.894161,24.8219,27.173845,29.833996,26.131136,26.811499,27.70254,23.167316,24.822922,31.546364,30.013931,34.888607,33.865364,28.09642,30.220325,28.947681,29.987524,31.302864,28.585524,25.533834,25.66711,28.83973,28.19192,31.260328,30.587364,25.972586,23.422157,24.177776,23.33773,22.492626,21.141663,19.872017,18.443209,18.79977,19.97351,18.098732,17.815304,19.304283,16.882318,14.433083,13.859123,14.136524,13.741924,13.307846,12.669655,11.551308,7.8406563,7.040909,8.526844,6.157215,5.3893967,5.8752174,1.2512093,-6.229542,-29.82175,-25.608398,-22.824783,-20.720833,6.5490036,12.360386
-40.145603,-42.960747,-47.285835,-55.259586,-11.857655,19.340496,33.04789,32.453815,31.080036,33.959198,31.569626,28.308313,31.854118,32.224503,30.188286,29.280321,25.525778,24.126793,22.34797,19.07413,23.148745,24.998901,24.628326,28.51297,29.63046,33.52952,32.480022,27.367882,28.914669,29.575615,30.385931,31.591629,30.077133,33.758987,32.879745,30.518625,34.381924,35.939827,30.78525,29.186796,29.849356,27.76325,32.277313,32.73591,30.390963,27.403528,25.051731,24.857212,21.244192,21.500896,19.715164,18.852375,22.256678,24.730381,21.514502,21.928051,20.38281,17.072315,18.657324,19.261585,15.013504,15.552521,17.022327,16.354067,14.912212,13.783398,11.527954,13.570946,12.399296,9.8165245,10.3930435,10.625195,10.024277,9.856056,2.658165,-6.9701157,-28.55288,-28.581627,-24.490524,-19.697922,6.1004715,11.305576
-49.386894,-53.549274,-57.493355,-66.62663,-29.21662,-10.828093,-3.0283613,-1.0229225,0.35292625,0.78313255,1.9032221,0.5601368,2.892784,0.8271723,-3.135994,-3.2768478,-3.7531528,-2.9179745,-9.855787,-10.6441345,-11.616822,-14.042416,-14.023796,-7.3107414,-5.267003,-5.3242073,-6.9784756,-6.5709057,-4.058795,-4.9447184,-5.53957,-4.8928785,-5.7943697,-2.8855324,-4.124194,-5.280259,-5.376685,-5.9498672,-9.143433,-9.352232,-9.223933,-10.443988,-11.11914,-10.646155,-11.37222,-13.504458,-15.733429,-16.147137,-15.74012,-15.783825,-14.170804,-16.306381,-16.830587,-16.966587,-17.359924,-18.65273,-20.608795,-19.78478,-16.605066,-18.626522,-24.250654,-22.07107,-19.04078,-18.593845,-21.890629,-21.695368,-19.408848,-19.31165,-21.704533,-24.01422,-24.565268,-23.593174,-26.431915,-30.333761,-32.925705,-35.012997,-55.893745,-53.85671,-49.751694,-45.39977,-20.965984,-11.974613
-49.44866,-53.513416,-56.303802,-63.59699,-23.34345,-6.290661,-0.4271984,1.6580067,0.62830544,1.6423464,4.5706844,5.2979164,6.0741644,4.95549,-0.7924843,-0.5149002,1.5938721,0.0528965,-7.827032,-9.267342,-8.282105,-9.668003,-8.099679,-5.600217,-0.12565804,1.4745893,-2.3946867,-4.472316,-1.6296053,-2.863987,-1.4991169,0.24226284,-2.032961,-6.23081,-5.5508432,-4.7452993,-5.6126595,-8.105546,-11.548722,-8.655972,-9.51642,-12.530776,-8.554951,-5.844225,-8.891319,-12.538279,-15.180487,-13.941523,-12.065523,-11.598362,-12.608487,-15.645609,-13.109874,-13.860585,-14.883809,-15.172759,-16.878836,-18.345514,-13.947583,-14.22789,-18.117065,-16.945095,-14.9102335,-15.755188,-18.504845,-20.595274,-18.569416,-18.701252,-19.558285,-22.774101,-24.376488,-25.836033,-28.757137,-30.625729,-29.00441,-30.923178,-54.691353,-50.457115,-46.36965,-42.15026,-19.103455,-10.148933
-40.445496,-38.809113,-40.1053,-48.506733,-9.074562,17.585722,24.549881,26.804527,25.094364,24.320236,21.653502,22.111559,20.471493,21.072506,18.532902,20.38358,20.921047,22.885092,23.040384,22.750309,28.660473,31.5827,33.36373,34.276558,34.157547,30.486412,27.607426,28.105377,29.623837,26.628607,25.98196,29.565094,28.821548,28.834108,26.48746,30.630756,33.859814,27.762413,20.221115,21.934021,21.557964,19.79242,22.448677,25.228043,24.982819,20.456322,20.5187,22.429482,20.47527,18.238907,17.004347,18.458961,22.906807,21.292305,17.370651,18.424206,17.442005,13.589458,14.499664,12.401382,10.806618,13.354858,14.565353,13.60685,9.576229,6.7954674,11.390003,15.277039,11.245262,7.3994637,7.9787216,3.8028183,-0.67199326,1.5208397,1.0165672,-4.770355,-27.4552,-24.243454,-21.020073,-17.522942,3.4737625,9.100346
-32.56741,-42.37848,-48.975662,-59.777767,-27.334503,2.6392002,10.911835,12.718774,11.4900465,11.670993,9.111383,4.4375343,7.6925907,10.941244,8.276249,2.9927616,1.1505451,-1.1414509,-3.043497,-0.2895527,5.104515,8.290943,10.587046,10.172434,11.887073,10.5639515,10.64897,10.666744,8.55093,7.0657845,6.549114,8.15612,7.502304,8.904224,8.518986,8.741285,11.832623,9.031628,2.2017117,2.632864,1.5727024,2.9812565,1.3636684,1.2833366,1.9347916,1.1634617,-0.4041214,0.9165325,1.4391403,0.37421417,-3.0738716,-4.5795975,-2.1922894,-3.5010414,-8.169949,-7.077919,-7.015957,-9.3845825,-10.067049,-12.571665,-11.988014,-8.162949,-7.602581,-11.17621,-16.373844,-15.87768,-13.672432,-13.140535,-13.149307,-16.578205,-19.643976,-21.890463,-22.165794,-20.941849,-20.27455,-26.901806,-42.000366,-38.590477,-34.567104,-29.8348,-7.931114,0.66770935
-32.70522,-50.17008,-58.89702,-72.14145,-34.85506,-16.797623,-7.5404434,-2.1376562,-1.119484,-3.044794,-7.3948574,-12.62646,-7.6285343,-4.5203905,-9.84013,-14.356752,-18.18502,-19.57629,-19.727962,-17.293873,-14.085896,-11.606939,-9.106367,-7.8239613,-2.3879309,-2.3683834,-5.263916,-5.297698,-6.45461,-8.657954,-6.1933956,-5.2439833,-6.2058706,-7.676255,-4.882313,-4.7658653,-2.4083185,-4.7405453,-10.78548,-11.373229,-11.395972,-10.386887,-10.030332,-12.391581,-13.743383,-12.605025,-13.978949,-12.875368,-13.465866,-14.968657,-19.2093,-18.180206,-18.68988,-20.672817,-22.28748,-22.52423,-22.045944,-20.947245,-23.261766,-25.569717,-24.303204,-23.460598,-24.943132,-26.815826,-25.022667,-26.854654,-30.737803,-30.735031,-28.50822,-32.143875,-35.371414,-36.666336,-36.850544,-36.609623,-39.555817,-44.3363,-55.45385,-51.203613,-47.231773,-43.150517,-22.725323,-13.100712
-35.134766,-40.395103,-45.159855,-55.881153,-17.437737,5.0164137,12.275292,11.752165,10.585571,10.056602,4.804411,2.168888,7.7761135,11.67424,2.9330196,-3.7600632,-6.7004986,-6.578579,-6.9576454,-2.7456017,-0.56313324,-1.111105,2.5202198,5.567156,14.073448,14.64801,10.5965805,8.881895,6.219841,6.223324,10.537767,10.314699,9.31086,10.310072,10.478731,9.257446,8.014215,8.284464,9.80451,7.400711,6.325115,6.250395,3.5634155,3.4063606,4.373295,3.2753963,1.9321823,3.4756393,1.2474251,0.84856415,-0.77765656,-2.6417694,-3.5060043,-3.4827385,-3.4855328,-5.166916,-5.806576,-2.4704819,-2.0137577,-5.5084763,-5.665285,-6.3128643,-7.376499,-8.3923645,-9.335697,-11.627668,-13.217117,-14.113304,-15.598236,-15.873224,-17.049292,-17.40965,-20.43886,-21.259815,-18.271107,-19.563057,-39.452507,-34.28068,-30.351677,-26.96508,-8.119698,-0.49999237
-31.657356,-31.352997,-32.33184,-38.933067,4.354473,27.202757,32.572174,32.707214,35.338394,31.466301,27.40042,25.351921,25.930994,26.173332,29.771385,32.4006,29.6064,30.016705,29.857744,34.794704,38.072243,35.9635,39.733315,41.377964,36.72116,34.132545,27.664013,29.429834,31.92422,25.380457,27.977526,28.46226,25.679504,27.93401,29.496262,32.373764,35.494537,27.929502,27.980576,27.928223,33.825996,30.915028,23.993126,23.712059,23.524563,21.212381,23.80567,26.477774,25.583603,23.33825,19.38348,17.751034,17.693314,21.167255,22.965054,19.160313,17.278141,20.192532,17.128029,15.845306,13.989212,13.002789,9.594971,6.6833076,6.3268967,7.1440773,7.659359,9.984825,6.7869186,6.3779716,9.147408,5.67984,4.144417,5.097912,-1.7581749,-9.169308,-26.798187,-22.50354,-18.402882,-15.757423,2.1855927,5.0557365
-33.815514,-42.083076,-49.04133,-62.34634,-24.256062,-6.933529,-7.1908703,-9.845835,-9.0781,-5.8706636,-7.721672,-10.0807705,-11.964092,-10.718273,-11.494656,-10.863672,-6.717449,-6.7787304,-2.260666,4.897171,6.9971085,4.7864075,2.7881393,0.54009247,2.2009344,1.9317074,-2.793642,-2.5751743,-2.600174,-6.5864162,-4.698286,-2.803299,-2.030882,-4.85804,-6.6970406,-6.3338585,-1.6619091,-4.2600136,-5.1874523,-6.381922,-1.3291588,-0.7536564,-6.9000473,-9.606493,-9.361048,-11.342623,-10.199505,-12.122698,-14.0636215,-12.893673,-15.432152,-18.098722,-19.271017,-16.887146,-17.481838,-19.591244,-19.140192,-22.001827,-23.538788,-22.935787,-20.669886,-21.131742,-23.720165,-26.169586,-24.358139,-26.379305,-29.56964,-29.705177,-32.848312,-30.90392,-31.653471,-33.406483,-33.423927,-34.545002,-36.378395,-39.498894,-52.638107,-48.561993,-44.271458,-39.87948,-21.232178,-12.007832
-32.93062,-44.26159,-51.50488,-64.77314,-23.953037,-5.170926,-6.303464,-7.9838524,-8.899437,-7.6203356,-10.894806,-12.571161,-14.323359,-12.181597,-12.192404,-11.016413,-8.36853,-7.8114433,-1.8361149,1.9084263,6.5216446,5.879595,3.3896694,0.1693573,1.3355217,3.765151,0.15660477,-3.7961674,-5.6335278,-7.9133415,-5.0653057,-4.1375465,-4.1035824,-4.8013687,-6.396101,-3.9602804,-3.3591986,-6.005295,-5.56275,-6.930971,0.7480068,0.65611744,-8.495062,-10.960449,-9.867098,-12.320366,-12.114149,-13.522893,-13.264531,-13.140042,-12.895873,-17.689743,-19.290186,-18.848259,-17.257992,-19.707603,-20.15126,-20.9861,-22.58345,-26.35296,-26.506779,-25.766243,-23.760538,-24.470657,-26.46754,-29.45379,-30.151226,-29.503117,-32.09123,-33.869217,-36.465622,-37.44601,-35.988583,-36.653122,-35.958126,-37.948715,-53.436214,-49.1109,-44.78645,-40.626587,-22.890106,-13.562843
-21.182678,-24.903027,-26.757187,-33.376133,6.306839,26.718744,31.888237,36.37976,35.801266,34.50251,31.491613,30.452635,32.614933,32.789753,34.633232,39.830563,42.115505,42.190323,41.131683,45.259357,46.73733,42.526283,41.981907,42.21615,36.159225,37.450737,39.465977,36.9253,36.307564,32.7937,32.68978,34.651237,34.68407,33.993843,33.479267,36.448013,38.845413,36.06656,29.996824,30.623196,35.49824,36.68506,30.606558,27.427168,27.678207,25.726673,25.097223,26.873825,27.437035,26.304478,27.056652,24.785423,21.807404,22.141685,22.925678,20.413204,13.515469,14.245678,16.689922,17.258541,15.337597,12.025528,11.966797,11.397297,9.60672,6.2091675,7.0947723,6.163357,5.641762,3.664177,3.1311455,3.200798,3.1235657,0.8822365,-3.2246246,-10.061764,-24.383545,-20.000267,-16.850925,-13.5633545,1.4901657,7.99345
-21.87112,-29.767265,-39.43363,-55.625084,-20.75835,-1.5734634,2.3658543,5.0403566,2.712141,-0.45465088,-0.96652603,0.71515465,2.9109402,3.0004063,3.5648108,7.051132,12.554565,15.213751,15.289271,19.0514,22.713634,17.034573,16.661785,15.298167,17.784618,24.564495,22.875217,15.045464,12.549742,10.696325,11.851099,12.707245,11.209202,14.506739,16.303556,19.91478,20.632004,17.12693,8.270489,13.273394,18.73541,17.617071,8.503174,7.186302,6.9268627,4.6635056,5.278404,4.1816654,2.3476067,1.7064114,3.68684,1.4120102,-0.46225357,-1.5190315,-0.95137787,-3.4603462,-8.066196,-3.9496346,-2.136959,-3.5055199,-5.5835686,-7.3082886,-10.915676,-11.711922,-11.483692,-12.589222,-11.973488,-14.367245,-16.442333,-17.36444,-19.205997,-19.583477,-22.869644,-24.98079,-22.786385,-23.831314,-36.337498,-32.042793,-27.452755,-22.77462,-6.167076,1.3353806
-18.267548,-30.436306,-40.18091,-55.768112,-20.529346,1.0879078,3.6556282,3.6832876,2.1667423,-0.8403511,0.9033203,2.4923162,3.3591423,1.7597342,1.3875122,6.0724773,10.039319,13.206774,14.797177,16.702374,19.193878,14.977025,11.206774,13.596406,20.560167,23.323927,20.404072,16.36811,12.664801,11.894718,11.955883,13.515562,12.8961315,18.769053,19.00977,18.538061,17.330257,13.902222,11.576607,14.070354,18.880865,18.236492,9.833483,7.501051,7.2092743,4.8700924,2.2721577,3.286396,2.1103802,2.332653,5.25832,2.7244987,-1.6515961,-3.4136734,-0.79615784,-2.8055038,-7.600361,-4.3022575,-4.607525,-7.1843147,-5.8118744,-5.028942,-7.792099,-11.275017,-12.293396,-12.552956,-10.895699,-11.472958,-17.732056,-16.478321,-16.8395,-18.622551,-21.075405,-22.41761,-20.904625,-21.476799,-36.028854,-31.577892,-26.946121,-22.48169,-6.5835266,0.7966118
-20.8101,-30.700962,-41.680145,-59.734932,-24.362694,-6.2754116,-1.7644215,-2.0070028,-1.6633911,-2.5293446,-0.7891998,1.6549892,4.269045,8.294242,10.211601,14.552848,18.569883,23.051037,25.393396,28.137339,29.17006,25.120195,24.604412,24.612013,29.003187,29.12294,24.02818,21.319176,21.560085,19.998528,17.582037,17.512539,18.032368,24.109936,23.78573,20.497078,22.600239,18.806479,12.898687,15.080608,22.864134,23.98676,15.121122,9.153812,8.474014,8.704718,6.4383087,7.3421745,8.245409,6.9306755,6.6804295,4.317711,1.1035423,1.7830048,2.7791634,1.2185745,-2.655262,-6.5188217,-8.158543,-7.061779,-4.1280212,-3.0661316,-4.3571014,-6.0402718,-8.676258,-9.559719,-8.444111,-8.409523,-12.296215,-12.730885,-15.264034,-16.65939,-15.913597,-16.066353,-15.972374,-20.710243,-31.51619,-27.918201,-23.775532,-19.265942,-3.6270676,4.894348
-25.982048,-41.089462,-52.94651,-71.33474,-38.829678,-20.109493,-14.0200405,-14.921404,-16.257635,-17.675072,-16.443195,-13.217834,-9.232464,-3.592945,-1.9852457,0.45139885,3.9795418,9.1591625,13.074053,15.979925,17.339897,12.495827,7.3177223,7.339631,11.583996,16.932045,13.034888,10.625538,9.55304,6.3384933,4.1978817,6.0767803,7.349537,9.526733,10.229645,10.790928,14.583945,11.193466,4.4228783,6.1173477,11.134142,10.508472,2.5464725,0.07774544,0.8219528,-1.8947849,-4.2592144,-4.7203884,-5.7581234,-7.51803,-4.454979,-5.050228,-6.41185,-8.5434,-9.538038,-9.769506,-12.254738,-13.6071,-15.83432,-13.07811,-12.831142,-12.601833,-14.579365,-17.29881,-18.010221,-20.187807,-22.35188,-22.559952,-23.071547,-23.704777,-25.867798,-25.665688,-26.88774,-27.886932,-27.711128,-32.573463,-41.342056,-37.089634,-32.804474,-28.747635,-14.345169,-5.494072
-21.281822,-29.272602,-33.8392,-46.943844,-11.877565,9.892832,23.237389,19.358406,15.891502,10.69392,12.04682,13.894375,15.089214,24.333868,22.55278,20.397017,22.854092,30.377174,37.086006,35.402645,36.253113,30.366879,24.621723,23.3089,29.912752,39.292297,41.187683,36.33573,35.55735,33.469727,30.935131,33.03737,34.578133,35.431328,38.850258,40.42321,42.293674,38.06144,30.571136,34.98826,40.6332,41.68322,35.032043,29.956606,26.123165,22.87706,22.606487,23.468079,21.651299,21.745636,23.742512,22.17025,20.407486,18.205925,18.952717,18.214504,15.911308,15.24173,14.805279,13.853786,12.391418,13.330757,12.752071,9.55061,6.761322,4.617428,3.8302689,2.901226,0.79179,1.0511398,-1.0757294,1.7024918,1.3173027,-1.5337334,-1.4121628,-5.9073334,-15.778519,-12.1816025,-8.388802,-4.34111,7.5809402,13.6689
-13.366089,-28.934013,-41.153347,-57.533154,-18.11239,6.0720406,17.538446,15.600622,6.9518948,4.772703,9.489128,16.404242,24.300016,22.32088,19.684334,21.320295,19.060986,17.677683,20.598568,24.553106,26.514801,28.508617,31.882847,25.20164,29.880787,35.71064,32.801598,24.860603,24.404648,23.209654,22.066032,22.45826,23.613895,24.655895,25.023113,27.989237,33.50855,29.879633,21.785625,30.02507,33.82719,29.13712,20.965435,18.090578,14.731216,14.115463,14.130981,12.498928,11.793724,10.089802,9.477776,9.024258,7.299141,6.5261307,6.203636,3.863594,3.4352493,3.7984695,0.76996994,-1.0160828,-2.447132,-2.4735641,-0.5574875,-1.7612152,-5.98333,-7.222286,-6.726616,-8.677135,-9.623169,-9.892685,-11.071774,-11.2625885,-13.649319,-14.895866,-12.752113,-16.101578,-23.391167,-19.992558,-16.49575,-13.782135,-1.1613159,5.007225
-10.131912,-27.74104,-35.93412,-48.01535,-12.558922,6.085081,7.691532,8.165018,9.465158,14.597052,19.838722,18.263638,19.67468,21.140356,21.983633,24.643394,28.694916,27.948381,28.040112,28.175714,26.162199,23.254372,21.957102,25.469858,31.035141,36.362648,33.41721,23.268902,20.706303,18.337719,17.56332,17.830952,18.071371,19.19497,20.419231,26.943756,33.54178,29.441868,16.537704,28.339334,32.043804,27.349554,16.76478,10.058434,7.9649963,7.3226967,7.584175,6.3152924,6.356903,4.978142,4.5080414,4.4471283,4.043579,0.070957184,-1.0457115,-2.3704834,-2.3260307,-3.352337,-4.0526657,-5.745182,-8.144321,-9.834099,-11.140583,-11.207443,-10.79961,-12.000793,-12.401474,-14.92271,-16.848053,-15.244518,-17.017818,-19.975513,-21.00138,-20.227646,-19.687485,-25.45028,-25.645103,-21.459862,-16.831219,-12.244087,0.8899307,9.634621
-9.545395,-31.388489,-39.992043,-52.203587,-18.986893,0.87098694,4.7708645,5.6414223,4.6827087,11.154444,17.305517,13.619285,15.339745,17.392166,18.711721,23.049538,27.334522,24.94852,23.660114,22.958227,22.537117,18.805288,17.221989,19.796862,25.497086,29.927965,27.382229,21.638113,17.13578,15.366779,15.513958,15.609772,15.268288,16.717577,18.32821,21.765959,26.358738,22.974646,11.443171,22.12549,26.496887,23.511776,13.122139,5.916622,3.8283997,1.9119072,0.6548004,-0.6600723,-0.44867706,-1.0079079,-2.148182,-2.3592796,-3.182495,-4.2061386,-5.4458847,-7.526161,-10.705509,-12.356213,-11.509876,-10.4629135,-11.609753,-13.339127,-14.8730545,-16.380775,-18.063118,-19.673374,-20.23167,-21.857304,-23.587803,-24.63916,-25.255325,-25.582108,-26.517101,-28.364403,-29.395363,-33.52517,-28.998901,-24.539597,-19.878834,-15.427734,-2.7971191,6.8651123
-4.2810287,-20.964783,-29.999352,-41.737797,-8.538216,10.447964,17.090492,20.242176,20.259941,24.160648,30.520466,31.46258,31.533009,29.067318,25.227049,24.82208,27.122269,25.7231,26.52935,37.43165,43.51221,42.965816,40.221092,38.24015,41.864223,43.280083,40.769238,34.654778,31.240717,29.798374,31.194319,30.207493,31.570807,31.777826,32.16155,38.90564,44.972794,40.63879,24.212282,32.485573,41.15271,39.87497,27.37723,21.351532,19.738468,18.672363,17.977966,16.022186,14.202332,12.624245,12.023594,10.873371,9.525459,9.094551,7.881939,4.193489,0.8585205,1.3902588,1.6241951,1.176918,-0.82086945,-2.5984344,-1.7414856,-3.0214386,-5.871502,-4.3080635,-7.488346,-9.907455,-7.3823013,-8.520775,-12.145287,-12.673439,-14.115746,-14.651569,-15.565384,-18.389603,-14.6173935,-11.0242,-8.261353,-6.721695,1.7596893,9.627762
-0.49604797,-18.279247,-28.546791,-40.987034,-9.268543,15.294659,19.768456,20.126595,21.649702,22.928793,27.374273,30.054737,31.613367,30.05231,28.410223,29.835882,29.810186,30.432974,32.23033,40.00423,44.914062,44.475105,42.696156,39.704872,44.7802,48.2826,46.475075,39.843346,36.044193,34.974358,32.887493,33.49006,35.563522,35.879246,36.197006,41.89746,47.431408,44.54532,29.53761,34.052513,41.159378,40.17766,29.38993,23.17957,22.882622,21.503136,20.825256,19.081646,17.717884,16.690922,15.612007,14.464146,12.795956,10.084312,8.874943,6.5696526,3.9277992,6.4066315,6.6138,3.945984,1.1311493,0.5701828,1.3011856,-0.95339966,-1.2959633,-1.917553,-5.147068,-6.567272,-4.9881096,-5.6390915,-8.380619,-9.983086,-13.731102,-15.197308,-14.690403,-13.656235,-9.740616,-6.315338,-4.078247,-3.1037064,3.988327,10.614769
0.0,-16.091297,-29.35358,-41.792656,-6.361717,18.397268,22.45092,20.305727,18.15494,17.10046,22.6108,28.40702,31.801994,30.766691,32.775,39.68963,43.223236,44.27265,42.36874,48.618694,50.21872,41.213776,38.823647,41.634842,48.987915,55.09336,53.952145,46.98687,41.09642,41.37076,41.446583,42.67104,43.33752,44.510616,46.191322,49.535625,55.302547,54.438316,39.163494,46.169247,50.571472,50.081818,40.5907,32.488052,30.541458,29.872532,27.33813,23.596375,22.88161,24.954082,22.275993,19.91793,18.33876,18.24147,19.009682,17.145802,13.2527275,13.980114,14.276932,11.666344,9.985096,8.75584,7.99712,7.0493393,7.8310394,8.842827,6.2916336,1.6081924,2.327835,1.8153381,-2.1411514,-6.58432,-5.7301865,-6.07708,-5.5952606,-3.15625,-1.3239594,0.0,0.0,-1.0384674,5.3287354,10.00766
0.0,-11.795666,-24.316235,-35.80558,0.590641,22.439001,27.073523,25.745714,24.299921,25.306355,31.116268,34.14419,37.17762,38.270714,38.952175,42.247723,44.197906,44.69411,44.925373,50.502228,52.790802,48.722374,46.947205,47.790146,54.177334,58.694836,54.8301,49.66304,47.27124,45.33098,44.13258,42.948208,41.480167,46.789726,48.80121,53.03879,59.60398,56.953617,40.735687,48.168262,51.421352,49.27622,43.21155,35.42564,30.567478,29.65596,27.714943,25.68631,25.943024,27.146362,24.890854,21.171814,21.791859,19.573872,17.544746,17.069439,15.110474,12.988415,11.570293,10.204578,11.684834,10.870586,10.101917,7.5094833,7.479103,8.103073,6.9753113,4.1075897,1.5376053,3.1684341,-0.40730286,-7.244446,-7.0843124,-6.1903763,-4.7838135,-1.9203033,-2.3613358,-1.1655197,0.0,-1.31781,2.003357,7.8696365
0.0,-4.7980347,-13.459591,-22.30986,13.854301,35.988914,38.346844,37.480274,36.2234,40.102825,46.957924,50.41825,47.71067,46.22912,43.93222,43.739117,44.569267,43.153656,46.61253,54.603844,55.20399,51.548935,50.764343,49.572784,54.44568,58.191956,55.866676,48.758633,46.27527,45.459217,43.177597,42.747295,46.40044,49.63309,51.44069,57.435562,64.90013,62.186714,41.341652,45.424522,57.173286,56.759285,45.06893,33.795097,30.223713,28.72377,26.898273,27.026535,25.27924,25.983978,26.317825,23.22873,20.651775,17.417053,14.878365,10.806992,10.28344,12.463673,11.066975,7.3734436,7.4922943,8.847595,9.607208,4.370476,3.7242203,4.2896423,1.7401276,1.195343,0.6996231,-2.2925568,-5.6240005,-7.7414246,-7.4000397,-6.2463074,-3.5821533,-1.5022659,-1.3622589,0.0,0.0,-2.0562363,1.9471588,8.782013
0.0,-3.2361298,-11.563808,-19.38765,14.854633,38.288265,40.92447,37.97578,37.616592,42.54841,49.135124,52.379875,50.905357,49.449432,47.819214,51.841423,54.548645,52.694588,51.32612,54.89911,55.364517,48.39765,45.810257,47.23429,53.491817,58.695366,57.129772,49.129105,45.1623,42.245964,39.32495,39.472534,45.252373,50.334126,49.71266,54.18385,60.02117,58.185966,38.877983,48.780582,58.49105,56.47039,43.811543,33.384758,28.026608,25.907341,24.331543,20.860134,22.376102,22.769886,19.889332,16.312946,15.588749,14.456028,13.731285,12.207611,8.421944,8.70488,9.713623,10.013405,5.973854,5.8013916,5.001213,1.1216049,-0.24365997,-3.041069,-4.720291,-6.455223,-4.30896,-4.7894287,-6.1418076,-7.0662155,-7.1843033,-6.4297943,-3.9419022,-3.5529404,-2.121109,-1.5546799,-1.5430756,0.0,3.588211,8.066742
0.0,-6.40271,-17.195133,-27.891071,0.22896957,21.457539,27.17285,26.465664,27.490072,28.744461,32.02771,34.167755,38.14247,39.343872,39.149765,41.216553,41.58985,42.677887,44.596214,50.798317,53.84793,47.57772,42.515095,42.064857,51.491024,58.59942,55.64288,46.887505,42.096886,39.323753,36.97051,36.37914,42.00606,45.07548,48.049683,52.99976,58.66233,54.7648,35.53302,47.385956,54.27748,52.765007,41.200226,31.663082,24.626682,22.46254,21.12967,20.416813,17.737518,16.147655,14.828449,12.493343,11.53603,9.992222,8.151123,6.9030533,3.9444122,1.8143234,2.0911942,4.3624954,3.4250793,2.3729706,-0.48705292,-5.657654,-7.79924,-8.514046,-8.608467,-7.523407,-7.596596,-7.325981,-7.3840714,-7.8543243,-7.630081,-7.305382,-5.5709686,-3.315216,-0.71539307,0.0,0.0,0.0,2.965561,7.436035
0.0,-8.488853,-20.01567,-30.711575,-7.9723206,15.276791,22.799322,22.46221,23.724855,25.364021,28.698856,31.776691,33.65432,34.24711,35.271507,37.349266,37.27547,39.935867,41.887554,48.55498,51.179794,44.056305,37.9078,36.5736,45.923325,51.446762,48.2892,41.376785,35.86863,32.555477,29.703957,30.086506,35.235397,39.61006,42.966835,49.830856,56.334347,52.91581,32.709526,43.639072,49.663597,48.307167,38.53663,27.844406,16.97725,13.783829,11.778503,11.285088,9.326984,7.485676,5.680599,3.9763184,3.088997,2.6651611,1.0127487,-1.4468689,-2.9285736,-3.5309296,-6.8027954,-8.9279785,-8.718689,-9.134628,-10.790543,-10.511505,-10.707031,-11.865486,-12.345238,-11.565063,-11.375504,-10.675705,-10.551437,-11.086693,-11.073944,-11.035919,-9.194931,-6.786873,-4.1853714,-1.5053253,0.0,0.0,2.2290192,6.6549225
0.0,-8.360153,-14.858696,-20.854473,10.3156395,33.649548,36.440147,33.668335,32.309204,34.429676,37.264183,37.038475,34.28025,32.027122,31.746706,34.722656,34.971504,34.566597,37.899254,47.032238,52.894905,48.833214,40.040646,38.800007,45.995445,46.936974,43.24211,36.22841,31.298347,26.372269,23.250492,20.640762,28.69566,34.935318,38.130844,43.800873,50.533386,47.167652,27.838882,38.71544,47.232765,45.944054,34.72713,22.700352,9.807274,3.96035,3.7948189,4.9268036,1.8597412,-1.6580887,-4.3193398,-6.5855217,-7.837494,-8.605957,-9.73069,-11.139069,-12.908417,-13.977612,-14.724739,-15.941208,-15.730118,-15.458252,-16.01698,-16.34225,-15.837685,-15.418739,-15.4637375,-15.706268,-16.02599,-15.785156,-15.862968,-15.780106,-15.625931,-15.882484,-14.148361,-10.14991,-6.6017303,-2.7785568,-0.4368286,0.0,1.6692505,6.111267
0.0,-12.233856,-20.519394,-26.01447,8.784267,31.423384,37.000114,35.44036,34.184128,35.38443,37.472115,37.95556,37.35385,35.03978,32.36178,32.881126,34.21102,31.612257,31.404396,39.834446,43.156395,37.806313,31.624224,36.13728,45.93203,48.83129,45.777332,37.619415,31.993387,25.298328,20.231102,20.583672,27.672737,33.84646,38.95439,44.716866,51.06044,47.622723,27.126022,40.37621,49.986298,49.11235,35.27917,21.510296,9.420662,1.4908981,0.12779999,-1.9760857,-3.958847,-4.7661667,-6.26952,-7.5665207,-9.32473,-12.578918,-13.706238,-14.790424,-16.143646,-16.647217,-16.230827,-16.297825,-16.287361,-16.058334,-16.629578,-16.834316,-16.292534,-16.077282,-15.940399,-16.333462,-16.663189,-16.22681,-16.0512,-16.17648,-16.275253,-16.537922,-14.751816,-10.316483,-6.431717,-3.0051575,0.0,0.0,1.3949432,5.7676544
0.0,-7.3814926,-15.196239,-19.633175,11.727158,36.73482,45.339302,47.429092,47.650406,47.91068,49.036224,49.987907,51.36575,51.34388,49.550987,48.524246,43.581978,38.493122,38.65325,45.53792,46.70037,41.278877,36.10951,41.38212,52.70645,57.825737,56.096474,48.13749,40.054504,32.456142,27.68187,27.980648,34.19942,41.386032,47.835625,54.006737,58.257027,54.804276,36.045177,49.693493,54.698586,52.871834,42.939754,32.154255,19.34937,6.917038,4.249588,4.3266144,3.6366425,3.3783722,1.791542,-1.2537689,-3.3394089,-5.8290024,-7.116844,-7.7714844,-7.626877,-6.876114,-6.596573,-6.9303436,-6.926895,-6.5759125,-7.282364,-7.511368,-7.0524445,-7.2214966,-6.610977,-7.039383,-7.572586,-7.0124893,-6.495987,-6.8382187,-7.057907,-7.2479706,-5.8184967,-2.5216675,0.0,0.0,0.0,0.0,0.72901917,5.139328
0.0,1.5714264,-3.1046295,-9.763916,17.511703,39.39511,47.397507,49.317352,49.685394,51.014606,54.392708,53.459747,53.516983,53.363174,52.08959,54.979607,51.824165,47.85388,50.175014,55.38285,55.89189,50.578217,43.703552,49.58204,60.187912,63.808178,60.0952,53.428505,47.29504,37.470207,30.647034,30.254059,40.06745,51.082092,58.655827,60.10819,62.667984,57.95515,39.42503,52.43945,60.728813,60.377174,49.428677,38.08866,25.843456,10.448608,5.8255463,5.7098083,4.5649033,2.0090256,2.1306915,0.7877121,-0.38337708,-0.71925354,0.41630554,-0.5382385,-1.8188934,-1.9335785,-1.7777023,-1.3117676,-0.29473114,0.0,-0.30529785,-0.80140686,-1.5165787,-2.6205902,-1.6370544,-1.9455032,-2.3381119,-2.3123093,-1.4825974,-1.1407776,-0.79416656,-0.89764404,-0.03665161,0.0,0.0,0.0,0.0,0.0,0.30356598,4.695526
0.0,-5.3599396,-7.999771,-7.361618,20.854664,41.453033,47.028236,48.63411,48.707577,50.34713,51.450443,49.92153,50.938324,54.24145,50.50161,51.813698,53.26548,48.770947,49.973724,58.058754,58.61611,51.02639,43.869713,49.802704,62.484093,67.88507,64.96337,56.368607,47.348972,37.256912,31.93283,33.293594,44.27538,52.68344,58.255867,61.77956,64.52708,60.86637,41.359344,48.516613,58.358784,58.301956,49.34398,35.71425,22.972492,9.856827,7.587517,5.526169,2.5214005,1.5839691,1.9023972,1.5602112,1.2043152,-0.19923401,-0.67248535,0.84711456,0.0,-0.5000763,-1.061676,0.0,0.0,-0.26783752,0.0,-1.0290451,-2.019165,-1.426178,-0.8508911,-0.46347046,-0.034446716,0.0,0.0,-0.6646576,-0.691864,0.0,0.0,0.0,0.0,0.0,0.0,0.0,0.0,3.7283936
0.0,-7.4915314,-12.924179,-14.111359,17.012997,39.24295,44.730442,46.926544,46.929245,47.66913,49.468407,49.29342,49.644684,47.236565,43.52766,44.982216,42.744205,37.055332,36.27216,42.916183,46.626846,43.87458,36.864254,43.279884,57.737034,63.297405,61.289192,53.71871,42.746674,31.614365,23.1517,30.901096,43.087128,49.70291,52.72838,56.659172,61.945774,58.777237,38.42852,44.046986,54.33922,55.439926,46.367992,30.501701,16.369476,3.8727722,1.0876923,0.22756958,-0.08981323,-1.0711136,-2.3491974,-3.276413,-3.05056,-4.271248,-4.9165955,-3.581482,-3.4735184,-4.408455,-4.6319656,-3.566452,-4.081375,-4.2014008,-3.8268585,-3.8960571,-4.2468033,-4.773056,-4.7956543,-3.8876495,-3.968155,-3.8456879,-3.9257736,-4.9655533,-4.1354065,-2.905014,-2.240921,0.0,0.0,0.0,0.0,0.0,0.0,3.092163
0.0,0.0,-4.7817535,-8.557434,15.399593,37.84504,45.385597,45.952312,44.75888,44.542973,46.230896,47.34142,46.17022,44.92733,42.16388,44.653793,45.07521,42.623764,45.80461,57.41706,61.3143,54.950348,43.30886,49.35571,61.124092,66.23581,65.30861,56.55421,47.450645,36.0067,25.397053,38.669754,53.98523,57.50909,59.70156,61.26877,65.22689,62.128887,43.4202,48.842476,59.681385,59.493057,49.595192,37.021515,22.129356,8.014618,5.113205,3.7438354,2.1548004,1.3065567,0.665596,0.29927063,0.296463,-0.42066956,-0.32403564,0.0,0.0,0.0,0.0,0.0,0.0,0.0,0.0,0.0,0.0,0.0,0.0,0.0,0.0,0.0,0.0,0.0,0.0,0.0,0.0,0.0,0.0,0.0,0.0,0.0,0.0,2.6554794
0.0,0.0,-2.2895508,-7.1750183,14.274395,35.373787,43.295403,44.141674,43.685154,43.905445,46.121475,47.285553,45.639214,45.587273,43.68945,45.728172,46.39594,43.387817,46.281345,57.86487,61.12919,53.66616,40.193108,45.80007,57.007504,61.69615,59.257133,51.42154,42.121826,30.878082,20.125725,31.650177,47.228333,49.226593,50.59421,56.91904,62.966827,59.493607,38.53008,46.47534,55.65693,55.522778,45.55007,33.49948,19.626667,3.7188034,2.8423767,2.8355103,1.599266,0.13816833,0.0,0.0,0.0,0.0,0.0,0.0,0.0,0.0,0.0,0.0,0.0,0.0,0.0,0.0,0.0,0.0,0.0,0.0,0.0,0.0,0.0,0.0,0.0,0.0,0.0,0.0,0.0,0.0,0.0,0.0,0.0,0.84213257
