0,1,2,3,4,5,6,7,8,9,10,11,12,13,14,15,16,17,18,19,20,21,22,23,24,25,26,27,28,29,30,31,32,33,34,35,36,37,38,39
4.4910555e-09,1.0470378e-08,1.3046076e-08,8.586422e-09,4.0537502e-09,2.3062028e-09,1.4797281e-09,8.442287e-10,1.0371262e-09,9.942779e-10,7.662557e-10,4.3648887e-10,3.6108208e-10,5.126005e-10,4.745804e-10,2.936748e-10,1.5631785e-10,1.335036e-10,9.879591e-11,1.2117246e-10,1.9052789e-10,1.9925035e-10,1.5141327e-10,1.4691524e-10,9.80846e-11,9.9097536e-11,6.803604e-11,9.028028e-11,8.648152e-11,7.684134e-11,7.9018736e-11,1.2974358e-10,1.2135588e-10,1.4562174e-10,1.12908245e-10,9.102411e-11,8.563128e-11,7.296192e-11,1.0233556e-10,8.260095e-11
3.563417e-06,2.0346539e-05,1.0859013e-05,1.745404e-06,4.4225055e-07,4.0528874e-07,1.4960474e-07,4.9125745e-08,1.4875846e-07,1.01344476e-07,9.1255544e-08,3.5153406e-08,2.1557497e-08,8.053561e-08,8.937441e-08,3.114119e-08,1.6049395e-08,1.7471365e-08,1.8691907e-08,5.8592377e-08,5.6197745e-08,4.245727e-08,2.6136506e-08,1.5673944e-08,1.4639485e-08,2.882787e-08,1.627533e-08,1.41479735e-08,8.157199e-09,8.642625e-09,1.48182835e-08,1.3194824e-08,1.3228414e-08,1.1421152e-08,9.651001e-09,7.81551e-09,6.2416965e-09,8.389077e-09,9.654639e-09,5.147828e-09
1.3242812e-05,0.0001155701,2.6822898e-05,8.4069404e-07,5.6955867e-07,2.9978366e-07,2.45077e-07,6.992636e-08,1.2802631e-07,6.299793e-08,1.4007888e-07,8.932706e-08,7.112591e-08,8.2609446e-08,3.9642913e-08,3.4992972e-08,2.698675e-08,2.9622623e-08,1.6749576e-08,2.0901169e-08,2.2744667e-08,2.9560558e-08,1.5806883e-08,2.245965e-08,2.7766871e-08,1.335803e-08,1.4951993e-08,1.8284615e-08,2.061121e-08,1.5908965e-08,2.3038229e-08,1.9029653e-08,1.388607e-08,2.0501734e-08,1.3632817e-08,1.2626171e-08,1.1969698e-08,1.2810351e-08,9.1811385e-09,6.6684986e-09
6.5498502e-06,9.17939e-05,4.322987e-05,1.6840659e-06,3.847415e-07,5.9563767e-08,8.334473e-08,9.378378e-08,5.1856187e-08,6.621217e-08,5.4392856e-08,6.024276e-08,4.246686e-08,3.404008e-08,3.381238e-08,2.478474e-08,1.6644869e-08,2.6588676e-08,2.3628159e-08,2.2497437e-08,2.501489e-08,2.5784262e-08,2.6042759e-08,1.8504988e-08,1.7578728e-08,1.1986762e-08,8.1343e-09,1.0684401e-08,1.4261537e-08,1.6141477e-08,1.3261127e-08,9.161403e-09,1.0488256e-08,2.1148718e-08,9.378049e-09,8.892511e-09,8.671278e-09,1.340514e-08,1.1536431e-08,6.668047e-09
4.2717293e-05,0.0007967354,0.00041678164,5.536772e-06,6.202248e-07,3.38834e-07,1.7585745e-07,1.2110084e-07,7.160579e-08,5.7831347e-08,5.3710405e-08,2.4272543e-08,3.195509e-08,1.283848e-08,7.436168e-08,7.7399434e-08,4.439466e-08,5.226571e-08,2.5822558e-08,1.31518085e-08,3.216286e-08,4.0314227e-08,1.4410334e-08,3.097595e-08,2.2940418e-08,2.20145e-08,1.6650022e-08,1.496887e-08,1.5628991e-08,1.5444124e-08,1.5785306e-08,1.0750391e-08,1.7439154e-08,1.3467597e-08,1.1348653e-08,1.0048069e-08,9.596027e-09,1.2587413e-08,1.1743402e-08,1.13546195e-08
0.0003068524,0.012188157,0.0075978553,1.68495e-05,1.4501784e-06,4.2083417e-07,3.6398612e-07,8.2053724e-08,1.3940806e-07,1.2304342e-07,5.4490258e-08,6.318122e-08,4.082505e-08,2.4644198e-08,1.0979624e-08,2.1182064e-08,1.994528e-08,2.3137307e-08,1.8209825e-08,5.8665844e-08,2.9968128e-08,2.9689248e-08,1.9560494e-08,2.5194971e-08,3.4426378e-08,4.4422194e-08,1.7715259e-08,1.528073e-08,2.121545e-08,1.09670015e-08,9.685396e-09,2.3094135e-08,2.7471337e-08,2.1991069e-08,1.3993823e-08,1.4249773e-08,1.27982425e-08,1.38169645e-08,1.0623889e-08,9.588226e-09
0.001631281,0.07757177,0.02869634,0.0001957254,1.0705702e-05,8.547362e-07,2.5263225e-07,3.670182e-07,4.0676755e-07,3.0951446e-07,1.1991179e-07,4.8945594e-08,1.1115736e-07,4.7735224e-08,5.0835226e-08,2.6575798e-08,2.761422e-08,4.419459e-08,3.6863813e-08,3.5168455e-08,5.6938404e-08,2.627941e-08,5.0570065e-08,3.542337e-08,3.7013024e-08,3.4243655e-08,1.4817538e-08,1.4641608e-08,1.3458729e-08,1.4838269e-08,2.4852358e-08,1.8739215e-08,1.4667621e-08,1.8616545e-08,1.586788e-08,1.2809375e-08,7.554014e-09,1.0276356e-08,8.623616e-09,9.791612e-09
0.0017446496,0.15342936,0.08054821,0.0006409867,1.2482098e-05,7.5513253e-07,6.6925963e-07,8.663493e-07,2.9954657e-07,5.669764e-08,7.47946e-08,5.896979e-08,7.686913e-08,1.4647767e-07,7.209762e-08,6.6545425e-08,4.793099e-08,4.7345292e-08,3.1028442e-08,3.3130064e-08,3.3751945e-08,3.4319502e-08,2.3131708e-08,4.696644e-08,5.0235652e-08,2.6369726e-08,1.4395001e-08,1.5641644e-08,1.40452325e-08,2.0092608e-08,2.1974428e-08,1.5539722e-08,1.5951414e-08,9.018615e-09,1.4950727e-08,1.5662225e-08,8.357882e-09,7.661707e-09,8.063762e-09,7.9029485e-09
0.0031403897,0.13785827,0.08914663,0.001108504,8.397061e-06,2.7779538e-06,3.620331e-07,3.2582125e-07,4.6571384e-07,2.474962e-07,9.108696e-08,6.365061e-08,9.9403834e-08,1.04447345e-07,4.5793264e-08,2.8494783e-08,2.7548795e-08,3.9150088e-08,5.039194e-08,3.5022037e-08,4.9570506e-08,5.8230892e-08,7.17362e-08,5.7565018e-08,7.979056e-08,2.0747844e-08,2.2005532e-08,3.5409045e-08,2.0327281e-08,2.4812623e-08,9.033153e-09,2.4907335e-08,1.6944975e-08,1.3162559e-08,1.0484214e-08,1.1322702e-08,8.202532e-09,7.862752e-09,8.030615e-09,7.0588175e-09
0.006161222,0.25565735,0.07809222,0.0013207549,0.0001262204,4.2347338e-06,1.5193616e-06,4.0252218e-07,8.552783e-07,5.4810755e-07,1.1228298e-07,4.3087653e-08,9.8540866e-08,1.4922105e-07,6.777587e-08,4.187898e-08,4.359269e-08,2.6359382e-08,4.9486676e-08,6.92781e-08,9.095415e-08,4.210712e-08,6.312316e-08,9.543717e-08,1.2393056e-07,3.792408e-08,3.143637e-08,1.2190838e-08,1.1580685e-08,2.3564205e-08,2.184307e-08,2.0525928e-08,1.36973215e-08,1.140448e-08,1.00424895e-08,8.410038e-09,8.582416e-09,1.1692227e-08,8.756692e-09,6.87743e-09
0.0012940553,0.13914831,0.06637711,0.006171408,0.0010414775,6.326218e-05,7.3677857e-06,1.1358323e-06,4.826593e-07,1.4765413e-07,6.9518975e-08,1.330954e-07,1.953091e-07,1.2529634e-07,1.2560832e-07,1.7529865e-07,1.04504394e-07,9.00946e-08,4.9620525e-08,6.377867e-08,6.65528e-08,6.136064e-08,5.8363906e-08,2.1547223e-07,1.465142e-07,2.2234127e-08,2.4958622e-08,2.2833472e-08,1.1560922e-08,7.0965016e-09,1.1287389e-08,1.7846691e-08,1.6561353e-08,1.23640485e-08,1.0138122e-08,1.4319309e-08,1.0087465e-08,6.48573e-09,9.420275e-09,9.886438e-09
0.0051465007,0.32523328,0.20158823,0.007610984,0.0010702352,7.699319e-05,5.0190097e-06,1.5772263e-06,7.355294e-07,1.0034827e-06,4.1131614e-07,1.7985897e-07,2.8928335e-07,2.7919242e-07,4.6970225e-08,7.1332096e-08,1.2041224e-07,7.8351015e-08,3.934867e-08,5.9836275e-08,8.7821604e-08,4.5722246e-08,5.149738e-08,1.6653077e-07,1.041512e-07,5.4959973e-08,3.6665753e-08,2.4444446e-08,1.7773443e-08,1.616993e-08,1.8607222e-08,2.567666e-08,1.2482335e-08,1.5454477e-08,1.521153e-08,1.1861228e-08,1.2785278e-08,1.551683e-08,1.1328363e-08,8.40432e-09
0.015771471,2.3600903,1.022726,0.008090855,0.0005493585,9.926221e-05,2.4754509e-06,4.5290216e-07,4.8492274e-07,1.0339742e-06,5.2846076e-07,1.3576044e-07,2.3168994e-07,1.9263555e-07,1.0899575e-07,4.923519e-08,1.6137772e-08,2.9074638e-08,1.0187254e-07,1.3271371e-07,7.634731e-08,3.1255535e-08,7.0974316e-08,2.219875e-07,2.3392234e-07,5.0368516e-08,4.0958437e-08,2.1324047e-08,1.3637184e-08,1.5007341e-08,1.3621079e-08,1.45201025e-08,1.6168011e-08,1.0183547e-08,1.619583e-08,2.0026993e-08,1.4154775e-08,1.2421255e-08,9.089412e-09,9.042241e-09
0.013443375,0.78539056,0.46515977,0.010454057,0.00019824538,1.4126201e-05,1.3474335e-06,4.2817044e-07,4.915051e-07,3.4651075e-07,2.8690883e-07,1.0473353e-07,9.860682e-08,1.6644185e-07,7.8108094e-08,8.278225e-08,4.1883837e-08,7.200604e-08,7.5733716e-08,3.7156127e-08,4.3791445e-08,4.7045752e-08,4.0022826e-08,7.4263866e-08,1.1955053e-07,3.6288835e-08,2.3951245e-08,2.2054309e-08,2.0903379e-08,1.1505891e-08,1.595561e-08,2.2266299e-08,1.752003e-08,9.451264e-09,1.1954932e-08,1.7675186e-08,1.576698e-08,1.3957038e-08,1.2370732e-08,7.3363817e-09
0.008627735,1.227257,0.5207853,0.0320376,0.001003316,1.2570697e-05,2.8339136e-06,2.0949385e-06,1.4788303e-06,9.986586e-07,6.462667e-07,4.7538452e-07,2.3797654e-07,1.12916666e-07,1.17306875e-07,2.4989157e-07,2.4403425e-07,1.4624844e-07,7.96976e-08,8.539863e-08,7.2376565e-08,7.632138e-08,1.0902077e-07,2.1103999e-07,2.3910067e-07,6.810253e-08,5.9411143e-08,3.882962e-08,2.1329484e-08,1.0043508e-08,1.5104286e-08,1.2409103e-08,1.899362e-08,1.0052594e-08,1.0328459e-08,1.2638626e-08,1.5525165e-08,1.4205082e-08,9.272979e-09,6.7796093e-09
0.0253001,1.7845784,0.77516204,0.0306199,0.0004582923,1.1919043e-05,1.9501324e-05,7.5771504e-06,1.2832377e-06,1.2728445e-06,4.847926e-07,3.4991433e-07,3.881458e-07,1.0737714e-07,1.8921439e-07,2.7353948e-07,3.319908e-07,1.7865524e-07,8.973445e-08,6.617161e-08,5.2946923e-08,1.2136603e-07,7.188101e-08,7.807508e-08,7.2398606e-08,4.494095e-08,3.2869913e-08,4.120334e-08,1.8110942e-08,1.600334e-08,1.3207307e-08,1.9146414e-08,1.9280256e-08,1.2920914e-08,1.5355727e-08,9.321871e-09,1.670114e-08,1.6393166e-08,1.1224495e-08,6.0512204e-09
0.020971976,0.9703671,0.41751355,0.02823681,0.0025755584,0.00040488472,0.00044512673,4.464219e-05,5.735426e-06,3.2401226e-06,1.4823827e-06,1.585852e-06,6.874467e-07,3.3436442e-07,4.9052403e-07,3.969276e-07,2.817963e-07,2.0569999e-07,3.750778e-07,5.905147e-07,1.4609344e-07,3.0931852e-07,4.207589e-07,4.924683e-07,2.430656e-07,1.10016934e-07,1.7454136e-07,1.4081999e-07,1.1003208e-07,5.2436178e-08,4.858225e-08,5.637513e-08,4.3976616e-08,4.899055e-08,3.239534e-08,2.3016467e-08,1.5428418e-08,1.3853953e-08,2.1521453e-08,9.608322e-09
0.031639513,0.44725826,0.2309386,0.009349672,0.0004905259,2.0423558e-05,1.4196866e-05,2.5121158e-06,4.7011733e-07,3.2290396e-07,1.17033665e-07,7.021879e-08,1.3815082e-07,1.1856127e-07,1.7478399e-07,1.2269845e-07,6.371316e-08,2.884241e-08,3.5931652e-08,4.1808637e-08,3.714205e-08,1.0155494e-07,1.4464071e-07,2.1800955e-07,1.8904188e-07,5.6745762e-08,4.7455234e-08,2.7426696e-08,1.9361792e-08,2.154082e-08,1.7024348e-08,1.7885606e-08,1.0738507e-08,1.7676474e-08,1.43355985e-08,1.1978474e-08,1.6615488e-08,1.0286865e-08,1.0508928e-08,7.866051e-09
0.008865446,0.75842524,0.25947374,0.019781832,0.0073965564,0.0015392718,0.00015071337,8.632034e-06,8.3426414e-07,4.8555677e-07,1.0891074e-07,1.3641498e-07,5.5555684e-08,1.3737034e-07,1.271714e-07,2.4276594e-07,5.6411203e-08,6.103801e-08,4.4676465e-08,5.0745513e-08,4.4864812e-08,4.434649e-08,5.6673436e-08,1.0119133e-07,2.4798445e-07,1.297573e-07,8.113253e-08,2.988921e-08,1.4875684e-08,1.6529079e-08,2.2135332e-08,1.7259314e-08,1.4730239e-08,1.4101247e-08,1.1094882e-08,1.3571109e-08,1.3217321e-08,1.05923945e-08,6.998402e-09,6.1991874e-09
0.04112214,1.1386456,0.40810803,0.07601156,0.011123978,0.0012053521,0.00018217659,2.3149012e-05,5.0865324e-06,1.3820314e-06,7.114105e-07,3.638413e-07,1.0474207e-07,5.4321487e-07,4.2158715e-07,5.711911e-07,2.7584443e-07,1.2345743e-07,1.3373248e-07,1.5871886e-07,1.0419636e-07,1.0858729e-07,2.3602756e-07,2.6842534e-07,5.1992026e-07,2.9165014e-07,1.2860598e-07,3.8615866e-08,2.3177702e-08,1.8187718e-08,1.6747132e-08,2.3542434e-08,2.006351e-08,1.4505292e-08,1.1370686e-08,1.4083183e-08,1.5444874e-08,1.5129608e-08,1.2065815e-08,1.1858213e-08
0.0047898665,0.37568748,0.17713372,0.012002952,0.00037916034,4.7094967e-05,6.8662143e-06,7.878941e-07,2.9986538e-07,2.2374371e-07,1.729004e-07,8.187518e-08,2.265941e-08,4.6902365e-08,8.037371e-08,4.1101984e-08,1.1114468e-08,3.189217e-08,5.20711e-08,2.461108e-08,2.0258927e-08,4.1673772e-08,4.6536258e-08,6.7060846e-08,5.8431624e-08,4.207089e-08,2.049924e-08,1.1410781e-08,2.0551747e-08,1.5604215e-08,1.4803165e-08,1.2286854e-08,1.0348901e-08,1.0188818e-08,1.2447946e-08,1.0894985e-08,1.524479e-08,1.5147954e-08,1.3549749e-08,6.4221455e-09
0.03553411,3.1484404,1.7916151,0.11683885,0.0032000905,0.00049365865,0.00016745407,1.3773384e-05,4.1415246e-06,2.4578164e-06,3.0164938e-06,1.7097457e-06,3.0852766e-07,5.738925e-08,1.2913577e-07,4.169603e-07,2.4722846e-07,1.9950818e-07,2.136961e-07,1.5410913e-07,1.6545927e-07,1.5221353e-07,3.0815085e-07,8.6806926e-07,9.281104e-07,7.430408e-07,4.2886316e-07,1.0074212e-07,1.6686938e-08,3.2008675e-08,5.1431787e-08,3.8958827e-08,2.5654533e-08,3.8183632e-08,4.3175056e-08,6.035575e-08,2.8924367e-08,1.4527327e-08,1.05356e-08,9.260948e-09
0.16270533,2.4476254,0.5930582,0.046149455,0.023757335,0.0071713934,0.00038828462,1.5520665e-05,2.6108203e-06,1.6560936e-06,2.1501073e-06,1.2437488e-06,7.383861e-07,3.979742e-07,3.091319e-07,1.6492078e-07,2.1464547e-07,2.0917432e-07,7.938463e-08,1.1000421e-07,1.4440757e-07,2.7497205e-07,3.1252966e-07,6.602641e-07,6.567079e-07,2.2078845e-07,7.767253e-08,8.969064e-08,3.632241e-08,3.1991867e-08,3.136539e-08,4.012805e-08,2.9741773e-08,1.764181e-08,1.0675501e-08,1.5514063e-08,1.6913745e-08,1.990405e-08,1.1641838e-08,1.6531486e-08
0.055273876,1.8505969,0.53457487,0.0032808394,0.0006244582,0.000116681935,1.3890479e-05,4.8064135e-07,3.325879e-07,2.4815228e-07,1.3143739e-07,9.493219e-08,1.12489374e-07,9.102856e-08,9.3499196e-08,4.6180254e-08,5.851927e-08,5.5960854e-08,3.4280824e-08,4.9342436e-08,3.6229324e-08,3.512936e-08,4.0979742e-08,1.06176195e-07,1.1792933e-07,2.137104e-08,1.4079088e-08,1.4411399e-08,6.516031e-09,9.721522e-09,1.9705954e-08,1.7140584e-08,1.5067595e-08,1.2514701e-08,8.771748e-09,9.84589e-09,1.0954547e-08,8.451977e-09,1.0954419e-08,9.662011e-09
0.0064904955,0.4879728,0.13891886,0.001954983,0.0004911912,5.2181378e-05,3.067928e-06,4.1957531e-07,3.4498385e-07,1.1182856e-07,1.4492676e-07,1.04426874e-07,3.552519e-08,1.0861143e-08,6.58495e-08,8.38489e-08,4.827549e-08,1.0946357e-08,2.7554426e-08,4.383016e-08,2.9615641e-08,4.0797875e-08,3.7765155e-08,4.1242636e-08,3.123109e-08,1.990967e-08,2.3427145e-08,1.8036955e-08,1.0089225e-08,9.922745e-09,1.4921147e-08,1.0440944e-08,1.4043383e-08,7.854914e-09,8.582838e-09,6.657499e-09,9.947656e-09,9.470446e-09,6.939996e-09,9.894682e-09
0.13596383,1.2973745,1.094139,0.2309625,0.0063275327,0.00059203256,7.1234026e-05,2.85151e-06,7.9277316e-07,2.4307935e-06,2.1404858e-06,5.773144e-07,5.036403e-07,3.9312022e-07,7.2600693e-07,1.1658387e-06,5.979224e-07,1.7318706e-07,3.7802187e-07,2.8331849e-07,1.8662358e-07,5.4873135e-07,2.6251882e-07,6.125019e-07,9.548045e-07,1.8219316e-07,2.1879416e-07,7.977023e-08,6.675225e-08,7.879424e-08,5.6138404e-08,5.694403e-08,5.6179424e-08,3.496473e-08,4.0515538e-08,3.4875264e-08,3.1693364e-08,1.9219206e-08,1.0511503e-08,7.51877e-09
0.022073193,1.3142892,0.4261467,0.0014068715,0.00044614315,5.289787e-05,2.1430428e-06,2.790202e-07,5.1634032e-08,7.725501e-08,6.5465784e-08,6.8123555e-08,1.134039e-07,5.430464e-08,8.164004e-08,4.7155655e-08,4.7176503e-08,8.139928e-08,2.8881685e-08,2.9092657e-08,4.0784276e-08,3.7659188e-08,1.8913969e-08,4.7874412e-08,1.7774356e-08,2.4683606e-08,1.5179236e-08,1.2338224e-08,1.1855155e-08,1.5489226e-08,1.3360019e-08,1.3803353e-08,1.3144638e-08,1.2966579e-08,1.0519668e-08,1.1011315e-08,1.6444924e-08,1.3901272e-08,1.0049358e-08,5.224846e-09
0.08632163,1.6587067,1.2068901,0.15711316,0.0238724,0.0039035338,0.00031830947,4.9224636e-06,2.1716905e-06,3.108761e-06,9.1881174e-07,8.522095e-07,1.199461e-06,1.2338021e-06,5.6836177e-07,1.7683597e-07,2.0585716e-07,2.9329823e-07,3.5879123e-07,3.6830355e-07,1.5782453e-07,1.702661e-07,3.4501042e-07,5.15154e-07,1.0249659e-06,1.2111368e-06,5.8986456e-07,1.0260537e-07,5.5752942e-08,4.703215e-08,5.1601315e-08,1.0220715e-07,6.3352154e-08,2.6980986e-08,2.0838677e-08,5.139058e-08,3.7198127e-08,2.5094266e-08,1.22502986e-08,5.9051235e-09
0.120229155,2.6715314,0.5893447,0.009637659,0.0011314985,0.00022014532,3.8874155e-06,4.2290304e-07,2.1749808e-07,1.0564338e-07,8.6696936e-08,9.1485774e-08,2.4506544e-08,6.7919835e-08,8.864885e-08,4.0805695e-08,1.2121778e-07,1.6387236e-07,9.7024234e-08,3.548662e-08,2.9135425e-08,4.4883016e-08,6.1596076e-08,9.185832e-08,1.5907698e-07,3.9562313e-08,1.6539811e-08,2.1221632e-08,1.4863744e-08,1.5311263e-08,1.7131438e-08,1.5413024e-08,1.4799527e-08,1.1639252e-08,1.0852695e-08,1.1346197e-08,1.12712595e-08,8.795087e-09,8.519048e-09,6.057918e-09
0.069433905,1.3528016,0.8419565,0.30049998,0.07580225,0.0091219805,0.000254668,2.9323005e-06,4.7551555e-07,2.2637032e-07,7.731449e-07,6.720487e-07,8.419554e-07,6.309075e-07,4.6881553e-07,1.7414621e-07,1.3430892e-07,4.137853e-07,4.089849e-07,1.9210694e-07,2.3058169e-07,3.4131898e-07,3.0031455e-07,5.499888e-07,1.1054283e-06,3.6227317e-07,7.020658e-08,3.437823e-08,3.885172e-08,3.112984e-08,3.044149e-08,4.2634888e-08,4.5616723e-08,2.258197e-08,3.154054e-08,2.5133177e-08,4.872504e-08,2.3008559e-08,1.2309586e-08,9.037587e-09
0.08546776,1.9439077,0.46933842,0.041218616,0.02552129,0.007936325,0.0005468733,7.508902e-06,2.7324919e-07,2.2288114e-07,1.7064954e-07,1.9307436e-07,1.4333477e-07,2.8458328e-07,6.701737e-07,7.49504e-07,5.276503e-07,1.7226358e-07,3.5548376e-07,1.17149504e-07,6.203768e-08,2.8300698e-07,4.872298e-07,5.0763623e-07,6.750381e-07,1.6205573e-07,6.4415886e-08,4.9703246e-08,1.3767233e-08,1.4074329e-08,1.4214079e-08,1.7165746e-08,1.32180995e-08,1.4445254e-08,1.2905849e-08,1.2344885e-08,1.43132635e-08,1.3249636e-08,1.1177683e-08,9.740807e-09
0.01652925,0.5120418,0.6743001,0.19019553,0.06930311,0.022482757,0.0064239292,0.00034336,1.3683396e-05,9.2718295e-07,1.1838488e-06,1.9880986e-06,1.6730339e-06,1.458903e-06,3.6281696e-07,8.049915e-08,4.024163e-08,1.4675726e-07,1.4578896e-07,1.663922e-07,3.3663986e-07,4.2780783e-07,3.3110828e-07,2.4637623e-07,2.198276e-07,2.9741975e-07,1.8556582e-07,7.343319e-08,3.4197818e-08,2.5128951e-08,2.9792666e-08,3.4741774e-08,1.7487128e-08,1.17996235e-08,1.2615176e-08,1.1486916e-08,1.9925432e-08,1.5770405e-08,2.0720522e-08,8.525835e-09
0.011824325,0.4133407,0.18051526,0.016871117,0.0061090365,0.0021693287,0.00036465225,2.0122465e-05,1.253506e-06,1.895109e-07,1.2567014e-07,1.1729997e-07,6.6713866e-08,1.12362606e-07,1.7859645e-07,2.2900821e-07,1.4669017e-07,1.8204888e-07,2.5238464e-07,2.4289957e-07,1.3576529e-07,9.840425e-08,2.318257e-07,2.2633468e-07,2.165979e-07,5.876886e-08,3.2686536e-08,2.1953461e-08,2.5027859e-08,1.2663387e-08,1.516338e-08,1.8926372e-08,1.7413207e-08,1.6430887e-08,1.5430485e-08,1.02586135e-08,1.2748619e-08,1.138649e-08,1.1942479e-08,8.6272065e-09
0.08753614,1.0988567,0.79360664,0.31707263,0.10236727,0.02829773,0.0055950806,0.0003704775,1.0957036e-05,1.9147699e-06,7.2978526e-07,4.985975e-07,2.1219002e-07,2.5003618e-07,3.0858322e-07,3.467591e-07,3.9013122e-07,3.675915e-07,3.833839e-07,2.645808e-07,1.3489752e-07,1.2128727e-07,4.4398462e-07,3.7574057e-07,3.4841415e-07,2.785135e-07,4.188423e-07,3.356458e-07,7.63926e-08,6.61866e-08,4.922459e-08,3.0845424e-08,2.5686846e-08,3.4631064e-08,2.0795342e-08,1.7207988e-08,3.23767e-08,2.463403e-08,1.6828777e-08,5.6573355e-09
0.003630857,0.9440956,0.39540517,0.012570173,0.0034799362,0.0010511536,0.00024719498,1.1570056e-05,4.6584287e-07,1.4342952e-07,4.1393446e-07,3.2052623e-07,8.6950806e-08,6.312614e-08,7.019046e-08,3.6288633e-08,3.9273615e-08,2.5557815e-08,5.3924403e-08,6.352209e-08,2.166315e-08,2.0599856e-08,6.552371e-08,1.2187452e-07,1.9733878e-07,1.1345945e-07,3.0776004e-08,2.588301e-08,2.5317833e-08,1.5827453e-08,1.9372841e-08,1.6561431e-08,1.4343488e-08,1.1424856e-08,9.2533625e-09,1.02813456e-08,1.5482541e-08,1.3306105e-08,1.0012719e-08,5.9462435e-09
0.060591124,3.9644294,1.4062471,0.099710956,0.010423621,0.003495092,0.0013889661,3.8713388e-05,3.668554e-06,1.4443102e-06,1.2971597e-06,8.16039e-07,3.4315542e-07,2.6723853e-07,1.859658e-07,1.1991162e-07,2.3754129e-07,4.2671712e-07,4.1446893e-07,2.4555783e-07,1.2343301e-07,1.4573686e-07,4.283859e-07,8.092135e-07,1.0143323e-06,4.8927546e-07,1.1325672e-07,7.5251045e-08,5.0147573e-08,2.7846173e-08,3.528174e-08,5.670219e-08,4.9015856e-08,2.1167054e-08,1.7521991e-08,1.680176e-08,2.405994e-08,1.6280426e-08,1.565758e-08,1.054016e-08
0.075862184,6.5688405,1.953587,0.032288205,0.009897819,0.0031445948,0.0004638816,1.8147193e-05,2.2070878e-06,1.3686893e-06,1.4273144e-06,1.086936e-06,4.9391684e-07,3.0288186e-07,1.28918e-07,1.3165885e-07,1.4243236e-07,2.0643378e-07,1.8252354e-07,1.0926228e-07,8.9647074e-08,2.0644167e-07,2.8204914e-07,2.4594306e-07,6.9316957e-07,4.52617e-07,1.6374652e-07,4.832347e-08,2.3127589e-08,1.4824811e-08,2.3786297e-08,4.6662098e-08,5.2559212e-08,2.5207639e-08,1.6598523e-08,1.0523242e-08,1.743357e-08,1.901295e-08,1.3227996e-08,1.1086443e-08
0.06795772,2.3194351,0.692353,0.033070534,0.0069651594,0.0033943204,0.00046711735,3.6064957e-05,5.2604114e-06,1.1283913e-06,6.842336e-07,1.8623145e-07,1.2365356e-07,1.4414954e-07,5.8335928e-08,8.26969e-08,6.826693e-08,5.6146217e-08,1.2588038e-07,1.6660161e-07,1.0659312e-07,9.178703e-08,1.5493417e-07,5.4954023e-07,1.4629429e-06,4.6040847e-07,9.9521905e-08,4.79693e-08,3.2447776e-08,2.5457682e-08,3.1863234e-08,3.8182545e-08,2.1666846e-08,1.48324455e-08,2.3192088e-08,2.21233e-08,1.6198792e-08,9.494342e-09,1.0271918e-08,8.163413e-09
0.08518459,2.3366683,1.2683904,0.05171986,0.008416196,0.002918854,0.0005407715,4.785483e-05,6.728512e-06,1.4926893e-06,5.667472e-07,9.949136e-08,6.329676e-08,1.0342352e-07,8.832773e-08,3.773139e-08,3.408585e-08,7.444572e-08,7.1398816e-08,1.0493902e-07,1.1290113e-07,5.865615e-08,1.1628166e-07,6.8417836e-07,2.0731384e-06,7.193896e-07,1.3624145e-07,5.991401e-08,2.3528797e-08,3.3876937e-08,4.4073012e-08,5.718791e-08,2.9216972e-08,9.440719e-09,1.3149713e-08,9.570692e-09,1.5723604e-08,1.9002846e-08,1.4508507e-08,1.0543594e-08
0.10158569,3.5926557,0.6663444,0.0209044,0.008158349,0.0020181867,0.00024185446,2.4492576e-05,3.1003374e-06,1.4626776e-06,1.3533133e-06,8.197199e-07,2.850312e-07,3.5072532e-07,2.1555657e-07,1.4799505e-07,3.9450647e-08,1.04201916e-07,2.0165618e-07,4.971146e-07,5.2723453e-07,4.421412e-07,4.3427505e-07,6.911731e-07,9.3721445e-07,3.544356e-07,9.6433084e-08,5.6236424e-08,2.4572802e-08,1.1048606e-08,1.8835943e-08,2.5097176e-08,2.0859288e-08,1.5262732e-08,1.2560662e-08,1.5744217e-08,1.505674e-08,2.2198432e-08,1.5395143e-08,8.748559e-09
0.12508853,9.399889,3.0534365,0.031840075,0.0012629846,0.00037953214,6.278862e-05,2.9364078e-06,1.202365e-06,6.008416e-07,3.4449556e-07,4.3925561e-07,2.644427e-07,3.3369253e-07,1.6016477e-07,8.823686e-08,5.7796214e-08,6.090099e-08,8.533187e-08,6.817138e-08,9.1789595e-08,1.0232481e-07,6.0530816e-08,1.1914784e-07,2.0158005e-07,1.1279395e-07,7.027877e-08,3.373069e-08,3.9038664e-08,2.2527884e-08,2.4076828e-08,2.3927031e-08,1.6502419e-08,8.579445e-09,1.6038763e-08,1.0436427e-08,1.0350484e-08,8.112307e-09,6.87258e-09,1.1598867e-08
0.07054135,2.9163089,0.7850813,0.014463682,0.0003412131,0.00014424387,3.369168e-05,2.1052506e-06,9.138119e-07,5.284407e-07,3.3286915e-07,1.8505268e-07,2.2018365e-07,1.00352125e-07,1.4918159e-07,1.345237e-07,8.680862e-08,5.3119134e-08,5.7439163e-08,4.7208452e-08,3.3946492e-08,5.815441e-08,3.965964e-08,5.3490027e-08,8.022345e-08,5.2099534e-08,2.3464906e-08,2.430596e-08,2.3489518e-08,1.8680625e-08,1.4146948e-08,1.6301222e-08,1.6446293e-08,1.9900467e-08,1.24174795e-08,1.0039885e-08,1.3319782e-08,1.0070729e-08,8.0336555e-09,1.0912854e-08
0.00369528,0.37789124,0.15876466,0.0027355577,1.582781e-05,9.390447e-06,2.0038906e-06,2.678122e-07,1.2939635e-07,1.2830431e-07,4.665445e-08,5.3649767e-08,2.3870419e-08,3.5994923e-08,4.8171685e-08,5.0423722e-08,5.501439e-08,3.9374463e-08,4.5135188e-08,5.3523515e-08,4.0588315e-08,2.9725664e-08,2.4560554e-08,4.4292396e-08,3.0807065e-08,3.326929e-08,1.29835716e-08,1.3881385e-08,1.4415299e-08,8.969569e-09,1.1770115e-08,2.0626494e-08,1.1016264e-08,7.8173965e-09,1.2797963e-08,1.5543385e-08,9.1955705e-09,8.933456e-09,1.4936402e-08,7.977619e-09
0.008963321,0.37315288,0.14633256,0.00026658698,5.3287777e-06,4.112278e-06,9.831509e-07,6.2177514e-07,1.7424371e-07,1.434228e-07,3.8757854e-08,2.557752e-08,6.842693e-08,4.937907e-08,4.9441848e-08,9.321315e-08,9.896649e-08,7.32399e-08,2.7546257e-08,1.9936364e-08,3.0701838e-08,2.3961006e-08,1.5698479e-08,4.0024304e-08,3.4761833e-08,2.423617e-08,1.6574674e-08,2.3322379e-08,9.938799e-09,1.1638221e-08,1.1518353e-08,2.0618899e-08,1.2604628e-08,8.862094e-09,6.3484498e-09,9.070066e-09,1.1553291e-08,1.0847401e-08,1.05998845e-08,9.666762e-09
0.0050289147,0.03884768,0.020847935,7.78734e-05,5.354082e-06,2.3496018e-06,1.1311588e-06,4.4101805e-07,2.310207e-07,1.6264757e-07,1.0188528e-07,5.3142415e-08,3.4381255e-08,2.5572554e-08,4.3402515e-08,3.586545e-08,3.9494054e-08,3.8345995e-08,3.6655575e-08,3.6865245e-08,6.0074484e-08,4.3716366e-08,4.9550735e-08,5.8685963e-08,6.591868e-08,6.51566e-08,1.918478e-08,3.1899717e-08,2.8499251e-08,1.3520815e-08,1.3270037e-08,1.1406801e-08,1.0127271e-08,1.18724035e-08,1.4921525e-08,7.844182e-09,1.1789382e-08,8.998789e-09,1.0872354e-08,1.0726194e-08
0.025903126,1.2351255,0.34885427,0.003367347,4.6320947e-05,1.5923257e-05,7.2457306e-06,9.375078e-06,2.9779171e-06,2.1880924e-06,8.3918536e-07,1.1741881e-06,1.8076787e-07,2.433196e-07,2.943595e-07,1.5253181e-07,7.405128e-08,9.832858e-08,1.7474123e-07,2.3409183e-07,1.5046093e-07,2.1371996e-07,3.3761344e-07,6.993412e-07,1.0601761e-06,7.226108e-07,1.4135831e-07,4.0686825e-08,3.3185245e-08,2.4707367e-08,2.953623e-08,5.017715e-08,4.481802e-08,1.8371685e-08,1.5991798e-08,2.3591587e-08,3.7381557e-08,1.753424e-08,1.5384e-08,1.2825276e-08
0.06733024,1.5877885,0.42472395,0.008224247,0.00015722684,1.136057e-05,6.594241e-06,9.4937263e-07,4.7973174e-07,4.2009972e-07,3.8034855e-07,2.3813799e-07,2.8041197e-07,3.7118812e-07,1.5985152e-07,2.623165e-07,1.8271166e-07,4.8470124e-08,7.183756e-08,1.1502716e-07,2.5503599e-07,4.0041476e-07,4.1520622e-07,3.5966534e-07,4.2660596e-07,3.226069e-07,1.5325978e-07,5.3436942e-08,2.6930424e-08,3.208905e-08,2.9281052e-08,4.0093784e-08,7.368156e-08,1.7688622e-08,1.3208156e-08,1.41368055e-08,2.6285523e-08,1.7410278e-08,1.1053709e-08,1.0048126e-08
0.007492636,0.20349263,0.06703483,0.0003830467,8.113888e-06,1.1014533e-06,1.2490175e-06,3.724294e-07,1.2204409e-07,1.5408145e-07,1.0337699e-07,7.727389e-08,4.3534758e-08,6.1827826e-08,1.3711992e-08,2.2476396e-08,2.270914e-08,7.8898445e-08,3.1762454e-08,2.5853534e-08,2.2599124e-08,2.182074e-08,2.6950765e-08,2.9393115e-08,5.692011e-08,3.3220065e-08,2.3747923e-08,2.1236925e-08,1.033433e-08,1.2097324e-08,1.287432e-08,1.583985e-08,1.42438275e-08,1.9004188e-08,1.0757903e-08,1.0641497e-08,1.0715949e-08,1.2470965e-08,8.927619e-09,4.5361053e-09
0.020068927,0.65767455,0.3407616,0.00010568268,5.5744204e-06,2.0590596e-06,9.612977e-07,4.4933324e-07,1.5542156e-07,2.5411572e-07,2.1364282e-07,1.6073379e-07,1.27048e-07,5.6780877e-08,7.077701e-08,5.3227364e-08,9.753607e-08,5.5494535e-08,7.9553686e-08,3.0451616e-08,5.205085e-08,3.63384e-08,2.2607516e-08,6.6683945e-08,8.268965e-08,3.828032e-08,2.0763377e-08,2.0113058e-08,1.2497459e-08,1.3068436e-08,2.6149841e-08,2.4570786e-08,1.5885327e-08,1.3637776e-08,1.3177029e-08,1.39586565e-08,1.26547075e-08,1.21601165e-08,8.702966e-09,6.6209487e-09
0.014372632,1.3446796,0.37635112,0.0007291311,0.0002640434,7.155621e-05,6.393525e-06,2.8335904e-07,1.4445651e-07,1.5516378e-07,1.0868156e-07,8.9668724e-08,6.410134e-08,6.551759e-08,1.0707153e-07,8.727741e-08,5.649642e-08,8.2587945e-08,4.246218e-08,3.4593853e-08,1.774982e-08,4.197171e-08,6.768984e-08,6.602438e-08,8.7087294e-08,4.64998e-08,3.0261052e-08,2.3490053e-08,1.0816937e-08,1.1282526e-08,1.2861284e-08,1.3937967e-08,1.761217e-08,1.1004463e-08,1.6846723e-08,1.3694631e-08,1.0562542e-08,1.2070503e-08,1.3455932e-08,1.05664055e-08
0.0740595,0.79445875,0.50069875,0.015534264,0.011894052,0.0029655518,7.360259e-05,7.114415e-06,2.9510995e-06,2.3325117e-06,1.5520533e-06,9.4945193e-07,7.153925e-07,8.9723926e-07,4.3940594e-07,2.9851978e-07,1.7572356e-07,2.0409344e-07,1.6720068e-07,1.6684396e-07,1.2984773e-07,1.9879727e-07,3.888548e-07,8.406837e-07,1.1213743e-06,6.306739e-07,2.2207871e-07,8.868729e-08,5.3809252e-08,4.052875e-08,3.049511e-08,4.1932076e-08,2.2475923e-08,2.85206e-08,2.8000926e-08,1.4482441e-08,1.3260889e-08,1.3547648e-08,1.2694322e-08,8.0543465e-09
0.030108493,0.66165787,0.42388391,0.037833344,0.0021371115,0.00021908997,5.55836e-06,2.495702e-06,4.0527544e-07,9.966628e-07,1.0039789e-06,6.235039e-07,7.913255e-07,4.6111208e-07,2.0166134e-07,2.7249345e-07,1.5601775e-07,7.4772174e-08,1.0677734e-07,3.8595935e-08,8.267771e-08,1.2842659e-07,2.9360353e-07,5.716654e-07,5.3052804e-07,2.2273007e-07,1.1271494e-07,3.7405705e-08,1.7982954e-08,2.033201e-08,1.4015509e-08,2.3368257e-08,1.7285817e-08,1.5524861e-08,1.9233898e-08,1.9314614e-08,1.6994717e-08,2.1706512e-08,1.5017399e-08,9.002511e-09
0.01518988,0.868498,0.7733013,0.041132078,0.0036739323,0.0002050701,4.948169e-06,1.6754125e-06,6.713798e-07,1.0133762e-06,4.216253e-07,4.162616e-07,6.0450657e-07,2.9910234e-07,2.84644e-07,3.5678707e-07,2.4760763e-07,1.8959172e-07,1.4254923e-07,1.2082822e-07,3.3248173e-07,5.623351e-07,5.8828033e-07,5.1577877e-07,5.902761e-07,5.7979616e-07,2.2354547e-07,5.584859e-08,4.088849e-08,2.2987953e-08,2.1680831e-08,3.1317672e-08,4.1038106e-08,1.3091986e-08,1.8466018e-08,1.2789616e-08,1.8095935e-08,1.2853571e-08,8.121728e-09,6.3834764e-09
0.09430823,0.9855585,0.29398346,0.027357157,0.0015867035,0.00013392199,6.7972364e-06,4.2404404e-06,3.5801875e-06,2.260773e-06,7.4138563e-07,4.2131884e-07,4.1976963e-07,3.5273877e-07,3.8754322e-07,2.0101184e-07,1.6208124e-07,8.649456e-08,6.2211406e-08,1.0128778e-07,1.4754553e-07,2.2226094e-07,2.4867632e-07,4.128283e-07,8.085605e-07,3.93127e-07,4.790912e-08,2.8243797e-08,2.9465337e-08,1.6786684e-08,2.0465603e-08,5.063272e-08,2.1379769e-08,1.7925323e-08,1.4251333e-08,1.0423899e-08,1.2310106e-08,1.1052472e-08,1.2072856e-08,6.2918164e-09
0.30907282,3.943801,0.9305847,0.043864034,0.0034036178,8.032709e-05,3.438493e-06,5.967227e-06,4.0553123e-06,2.7554613e-06,1.7878357e-06,1.6295371e-06,1.0677604e-06,7.1842476e-07,5.165516e-07,6.4336814e-07,3.1334844e-07,6.9759004e-08,9.055442e-08,1.4477621e-07,1.2551283e-07,2.0886287e-07,3.0947123e-07,4.239798e-07,1.714236e-07,1.0516577e-07,7.335288e-08,5.1939523e-08,3.0088696e-08,1.8202309e-08,3.983005e-08,1.0802524e-07,5.475888e-08,3.509203e-08,1.4203415e-08,1.8479287e-08,1.7774681e-08,2.1613234e-08,1.3019889e-08,9.156695e-09
0.07544958,1.1904192,0.718601,0.02311854,0.0018384648,0.00017549306,3.6539233e-05,6.9584307e-06,1.4928295e-06,6.9568983e-07,4.1222674e-07,2.5559385e-07,1.9507173e-07,2.4046454e-07,4.184606e-07,5.4700973e-07,9.012453e-07,9.482803e-07,8.853844e-07,7.4416073e-07,5.4830576e-07,4.3669147e-07,1.6084633e-06,3.3739261e-06,1.0782267e-06,4.3047953e-07,1.5857175e-07,5.4575118e-08,4.296754e-08,1.40246765e-08,2.3097718e-08,3.464796e-08,3.090923e-08,1.9972635e-08,1.6019294e-08,2.1352875e-08,1.709003e-08,9.814281e-09,7.834835e-09,6.136682e-09
0.07918668,4.930142,1.8562988,0.018075313,0.0031383107,0.00026898942,1.9419493e-05,6.8574036e-06,3.4224406e-06,1.6813682e-06,5.8499234e-07,5.689534e-07,5.1808155e-07,4.855471e-07,4.7000862e-07,5.27623e-07,4.1295556e-07,3.215266e-07,1.7877309e-07,4.2118094e-07,4.7350613e-07,7.0369026e-07,2.1131737e-06,7.2780786e-06,3.5506937e-06,1.0634983e-06,2.1766903e-07,4.474815e-08,5.4883564e-08,3.872215e-08,3.8070468e-08,6.162042e-08,7.601314e-08,4.7360707e-08,2.6845496e-08,2.3441212e-08,1.3447985e-08,1.2842927e-08,9.707188e-09,9.614412e-09
0.10382938,2.2023046,0.6910476,0.0056709982,0.0051869084,0.0009537717,2.8397062e-05,3.6485467e-06,1.5766584e-06,1.6180863e-06,6.988647e-07,1.0902012e-06,8.0303926e-07,2.9389344e-07,4.3691776e-07,2.0390999e-07,2.7977893e-07,1.8934936e-07,1.7902985e-07,2.748407e-07,2.7644006e-07,3.925339e-07,9.906374e-07,9.916279e-06,1.0720954e-05,1.2000855e-06,1.1019797e-07,2.7312751e-08,3.475844e-08,2.1102071e-08,2.0760153e-08,2.797994e-08,3.4313494e-08,1.8622275e-08,1.6307062e-08,1.490145e-08,1.0449311e-08,1.2864865e-08,1.3711014e-08,8.448398e-09
0.01197825,1.9428294,1.343196,0.013227657,0.0008428921,0.00012924001,6.1663036e-06,7.823052e-07,8.141973e-07,3.246543e-07,2.6929413e-07,1.0363595e-07,5.066783e-08,1.0187382e-07,1.2101188e-07,7.148007e-08,8.405623e-08,3.97143e-08,2.9743276e-08,2.8301853e-08,7.857443e-08,6.550876e-08,1.1255448e-07,1.1656584e-06,1.4110269e-06,2.0380048e-07,4.9617135e-08,2.6418043e-08,1.0339745e-08,1.7325348e-08,1.414302e-08,2.6658608e-08,1.7870569e-08,1.1663047e-08,1.3941644e-08,1.31218485e-08,1.2264514e-08,9.338724e-09,7.208441e-09,5.7582197e-09
0.029473083,2.013934,0.6124468,0.0042488268,1.52092825e-05,3.5751568e-06,9.0259584e-07,1.5441633e-07,1.02766435e-07,8.526186e-08,1.1515606e-07,7.281038e-08,2.6555352e-08,3.7123016e-08,1.3359711e-08,3.117037e-08,3.2369854e-08,2.3606686e-08,3.09793e-08,4.572137e-08,1.6168851e-08,2.1106477e-08,2.9178148e-08,3.3713434e-08,3.5407542e-08,1.830876e-08,2.5580604e-08,1.229586e-08,1.5967096e-08,1.8907974e-08,1.2979687e-08,1.1536113e-08,1.022972e-08,1.3004456e-08,8.883063e-09,9.139969e-09,1.243491e-08,1.2850122e-08,1.4863025e-08,8.365984e-09
0.034777157,0.3400159,0.14559911,0.021078195,0.0032115192,0.00027401262,0.00014374379,1.3116382e-05,1.3849169e-06,1.3081262e-06,5.9804563e-07,8.9419325e-07,2.1362321e-07,8.9818735e-07,4.3918553e-07,7.278074e-07,3.3866667e-07,1.0835522e-07,2.803374e-07,3.9151456e-07,5.9284275e-07,9.709302e-07,2.1991546e-06,1.4639085e-06,1.356957e-06,1.351933e-06,5.8611556e-07,2.0548427e-07,4.6102738e-08,4.2661295e-08,9.5704074e-08,1.2728384e-07,6.341217e-08,2.3696275e-08,2.1706864e-08,1.7541913e-08,1.4670194e-08,1.494485e-08,1.31405375e-08,6.5832464e-09
0.20200007,4.694772,0.8185562,0.04517667,0.00806974,0.004473716,0.0006370479,2.6291318e-05,9.067511e-06,6.1315427e-06,3.1899465e-06,1.3639134e-06,1.1933406e-06,1.0884257e-06,9.1552346e-07,1.2856832e-06,1.1404964e-06,3.96015e-07,2.5037644e-07,3.8471163e-07,5.644898e-07,1.4864679e-06,5.4565517e-06,1.3742192e-05,4.5652423e-06,8.646896e-07,4.5541384e-07,9.126596e-08,1.8625801e-08,3.538546e-08,3.2456413e-08,5.155855e-08,4.641614e-08,4.3774794e-08,2.1316904e-08,3.6878603e-08,2.493604e-08,2.2727088e-08,1.383077e-08,5.763456e-09
0.006683131,1.7873992,0.69018114,0.011580338,0.0012706728,0.00042884386,2.8970866e-05,1.6613237e-06,3.9897634e-07,2.4977794e-07,4.0329803e-07,2.0546746e-07,1.5130482e-07,1.8533562e-07,5.5079386e-08,7.951588e-08,7.177253e-08,6.236141e-08,1.3212628e-08,2.0799995e-08,3.1265394e-08,4.5610022e-08,2.3918435e-07,2.9961467e-07,1.3265893e-07,1.3048108e-07,7.48133e-08,6.686882e-08,3.438583e-08,2.2284354e-08,1.824469e-08,2.4390378e-08,2.038205e-08,1.566896e-08,1.2344467e-08,1.1418351e-08,1.3272679e-08,1.29058355e-08,9.959648e-09,7.618712e-09
0.017023994,1.2278743,0.6953555,0.012429201,0.0023949477,0.0004192633,4.4396547e-05,1.3542572e-06,6.7201677e-07,3.3750985e-07,2.6384598e-07,1.9034195e-07,1.3474249e-07,2.3240959e-07,1.109243e-07,1.167173e-07,1.1542049e-07,7.097713e-08,5.5299203e-08,4.2525162e-08,6.6660256e-08,6.391203e-08,1.1387493e-07,1.0751499e-07,1.1301347e-07,4.6147747e-08,2.848399e-08,3.5871167e-08,1.98976e-08,2.288297e-08,1.9024212e-08,2.9338565e-08,1.8111566e-08,1.1747121e-08,1.4957939e-08,1.2334347e-08,1.10134835e-08,1.1546213e-08,9.641368e-09,8.3838065e-09
0.047969718,1.5312554,1.0136356,0.038442377,0.00650012,8.408941e-05,1.9818988e-05,6.2312492e-06,5.3411154e-06,5.554176e-06,1.9506263e-06,1.7502753e-06,1.5282047e-06,1.1089564e-06,1.3666634e-06,1.812919e-06,7.851427e-07,4.6260695e-07,2.8233782e-07,4.6255843e-07,4.9038044e-07,6.157213e-07,1.1321613e-06,9.621676e-07,7.9863287e-07,6.0743184e-07,2.323257e-07,1.354842e-07,7.386824e-08,4.7570534e-08,3.8714397e-08,7.703708e-08,4.2363858e-08,3.6660012e-08,1.7095541e-08,1.6538891e-08,1.6832036e-08,1.7325531e-08,2.1451603e-08,1.5356086e-08
0.022055827,0.7604593,0.72345823,0.027025793,0.0032032812,0.00027028722,1.5574406e-05,5.7227953e-06,3.1816894e-06,5.7812513e-06,1.5091151e-06,9.735753e-07,6.1630794e-07,4.2648549e-07,8.667309e-07,8.5015586e-07,3.8079608e-07,3.1808935e-07,2.3607839e-07,1.3149197e-07,2.1738113e-07,2.746703e-07,5.136375e-07,1.2126743e-06,2.0355192e-06,1.6561523e-06,4.6526964e-07,1.4108187e-07,4.1075374e-08,1.6456106e-08,1.5583124e-08,4.5160874e-08,3.8591374e-08,3.307333e-08,2.1630001e-08,1.2802552e-08,2.3767406e-08,1.4333406e-08,2.6771348e-08,1.1953345e-08
0.035190813,0.8851464,0.25655013,0.011774031,0.0007703225,3.480195e-05,1.8653876e-06,7.499439e-07,2.5918985e-07,3.5561675e-07,3.951215e-07,8.836327e-08,7.177436e-08,9.761586e-08,3.578997e-08,4.533796e-08,1.064132e-07,3.439451e-08,1.6277559e-08,1.8073134e-08,3.5480426e-08,5.4444005e-08,7.180062e-08,3.243632e-08,6.6534426e-08,7.984319e-08,3.1711707e-08,3.10266e-08,2.0888962e-08,1.3240531e-08,1.6971939e-08,1.5542904e-08,1.2056063e-08,1.7853615e-08,2.1454184e-08,1.0772177e-08,1.037009e-08,1.0324097e-08,8.626575e-09,6.62e-09
0.0074039195,0.100319654,0.04587043,0.0010445821,9.827938e-06,4.0100117e-06,1.1558826e-06,2.3855574e-07,1.4019284e-07,9.4081415e-08,3.3477935e-08,3.1457347e-08,3.484682e-08,1.6639104e-08,4.6469292e-08,3.942946e-08,2.5630257e-08,2.7406035e-08,5.023224e-08,4.1866066e-08,3.349011e-08,3.451254e-08,6.924071e-08,3.983081e-08,4.0781664e-08,3.2893666e-08,2.540365e-08,1.6379367e-08,9.566919e-09,9.745158e-09,1.1290681e-08,1.5830206e-08,9.386838e-09,1.1151008e-08,7.389339e-09,7.0996604e-09,6.6902124e-09,8.150174e-09,1.1435574e-08,1.1000276e-08
0.005433403,0.11243921,0.036888506,0.00018029482,1.4965286e-05,1.1966051e-06,1.4126144e-06,6.4749463e-07,2.2600405e-07,2.5643368e-07,3.1799408e-07,5.487452e-08,3.7099934e-08,3.255338e-08,3.292787e-08,1.0219143e-07,6.1418426e-08,2.2867667e-08,2.5260247e-08,2.3727264e-08,5.068202e-08,9.347417e-08,6.087212e-08,3.9653735e-08,4.075856e-08,2.151515e-08,1.9625777e-08,1.584657e-08,1.3325801e-08,7.3972872e-09,9.934316e-09,1.0465225e-08,1.288425e-08,1.4775917e-08,9.179565e-09,7.806414e-09,7.572488e-09,9.243523e-09,1.0589692e-08,7.774831e-09
0.0057726833,0.2936119,0.08045977,2.6070598e-05,3.885074e-06,1.7213589e-06,1.3302795e-06,3.4727313e-07,2.097916e-07,3.3255526e-07,2.8513475e-07,1.2625718e-07,9.730297e-08,2.1870933e-07,9.776734e-08,1.2082538e-07,9.440049e-08,1.18799434e-07,5.2798473e-08,3.773123e-08,5.0541118e-08,8.42298e-08,1.3265846e-07,1.4700487e-07,6.527482e-08,6.7502384e-08,3.1184666e-08,2.4732227e-08,1.9247372e-08,1.2979588e-08,1.2625408e-08,7.559484e-09,2.0035216e-08,1.3501186e-08,1.3915766e-08,1.1413672e-08,1.5428583e-08,1.009205e-08,1.120474e-08,6.0834027e-09
0.0007211198,0.051489413,0.016854562,9.393188e-06,2.3086282e-07,7.563526e-08,1.4471796e-07,9.818841e-08,5.0847486e-08,4.0108368e-08,5.6381555e-08,6.377821e-08,4.016955e-08,2.3507083e-08,4.6310088e-08,1.8881993e-08,2.8285784e-08,2.8999645e-08,3.405759e-08,1.7208363e-08,1.8462426e-08,3.8791285e-08,2.031863e-08,1.9155802e-08,1.9024059e-08,2.749362e-08,1.9132091e-08,1.992045e-08,1.2038388e-08,1.0975364e-08,1.18934045e-08,9.983108e-09,1.3210583e-08,1.7091146e-08,1.11372e-08,1.2179717e-08,1.2490464e-08,8.098166e-09,1.0819432e-08,3.8045065e-09
3.096378e-05,0.005318371,0.0020573789,7.348384e-07,1.2008493e-07,1.274542e-07,7.92226e-08,4.2090583e-08,4.2322423e-08,3.689132e-08,5.4302518e-08,9.060105e-08,1.2774554e-08,4.0096346e-08,4.1745587e-08,2.8768818e-08,2.4242512e-08,2.1792001e-08,3.7985714e-08,2.5773181e-08,4.244673e-08,2.4974796e-08,3.006177e-08,3.106631e-08,2.0175507e-08,1.5613534e-08,1.4825714e-08,9.986569e-09,1.2761623e-08,9.076335e-09,1.4688546e-08,1.0557804e-08,1.1293622e-08,1.3811325e-08,7.1729978e-09,1.19362005e-08,1.11743095e-08,1.0711733e-08,1.4431246e-08,6.3608834e-09
0.0011692257,0.0028839228,0.0010315034,4.9347265e-05,3.1375196e-06,2.5811378e-06,1.8302063e-07,2.9635896e-07,1.1591615e-07,1.8387458e-07,1.6202493e-07,4.688028e-08,4.1721233e-08,2.8794028e-08,5.7153006e-08,4.712209e-08,4.7961258e-08,3.9173116e-08,5.8783332e-08,3.6695894e-08,3.8704993e-08,4.1648875e-08,5.3188245e-08,9.8678875e-08,7.0687605e-08,4.5274057e-08,1.778878e-08,1.1457302e-08,1.0998723e-08,1.4028952e-08,1.7284322e-08,1.3758967e-08,1.3684408e-08,1.9247853e-08,1.628323e-08,1.9161408e-08,1.9224863e-08,1.2110014e-08,1.2697696e-08,9.075618e-09
0.015893813,0.16153207,0.10811164,0.000616923,7.871736e-06,1.9406978e-06,2.0580608e-06,8.689701e-07,1.8819905e-07,1.4327385e-07,2.2040032e-07,8.554e-08,1.9893678e-08,9.6341225e-08,1.7640274e-07,8.439499e-08,4.398986e-08,6.595715e-08,8.337742e-08,6.050792e-08,5.9649885e-08,1.0979659e-07,1.5155742e-07,2.4698699e-07,1.1096175e-07,5.529247e-08,4.5227587e-08,2.9112684e-08,2.0773633e-08,2.0984276e-08,2.3899894e-08,1.7907523e-08,1.2458356e-08,9.624392e-09,1.1544785e-08,1.329291e-08,1.3924234e-08,1.47026995e-08,1.26436905e-08,8.128089e-09
0.015445289,1.197142,0.47695363,0.0005950962,6.997048e-06,9.478936e-07,4.3778442e-07,3.1166087e-07,5.573094e-08,3.583718e-08,5.307531e-08,3.182855e-08,9.209772e-08,4.4929834e-08,5.5309144e-08,2.6931481e-08,2.3616064e-08,5.074761e-08,2.4464223e-08,2.3191019e-08,1.22058434e-08,1.5192253e-08,3.8848036e-08,2.9308257e-08,4.116969e-08,3.2460996e-08,2.1582867e-08,1.0336611e-08,1.3600323e-08,1.3786458e-08,1.5526856e-08,1.35573375e-08,1.71527e-08,1.4936774e-08,1.8197728e-08,1.2611869e-08,1.9249253e-08,1.9302078e-08,1.1317405e-08,7.990555e-09
0.00024386564,0.06791609,0.025167996,6.139578e-06,2.3180256e-07,1.8893273e-07,5.569184e-08,5.6357873e-08,4.3782347e-08,4.615116e-08,6.2473916e-08,9.0252904e-08,6.475822e-08,3.004687e-08,3.3854402e-08,4.778864e-08,2.5018988e-08,3.803198e-08,1.7176824e-08,2.255981e-08,2.7763578e-08,2.1881423e-08,1.8483897e-08,1.0433139e-08,1.8490805e-08,2.0169956e-08,1.4964469e-08,9.729311e-09,7.82344e-09,1.5186954e-08,2.6214652e-08,3.3393913e-08,2.2203485e-08,1.8644565e-08,9.963117e-09,9.27649e-09,1.1261466e-08,1.1285239e-08,1.4413407e-08,8.887591e-09
3.1084805e-05,0.0020139317,0.0006475365,1.3486199e-06,1.5215892e-07,6.365104e-08,4.0015884e-08,3.5012647e-08,2.6135629e-08,1.504626e-08,9.4044566e-08,2.6194925e-08,3.410135e-08,1.503045e-08,2.4321205e-08,2.5923178e-08,5.2484758e-08,1.7635802e-08,2.8835224e-08,2.4813637e-08,2.2595543e-08,2.1612601e-08,2.6018299e-08,2.4905162e-08,2.6617997e-08,2.855722e-08,2.3575204e-08,2.2315138e-08,1.417258e-08,1.670353e-08,1.6227638e-08,1.7571487e-08,1.2078067e-08,1.4825959e-08,1.3958616e-08,1.2132029e-08,1.3676094e-08,7.2912396e-09,1.2176346e-08,8.3840055e-09
1.2811155e-05,6.33753e-05,5.928182e-05,1.1723181e-06,1.2897566e-07,6.216229e-08,1.8136612e-07,7.708676e-08,2.6507772e-08,1.5107425e-08,2.363284e-08,3.7465238e-08,1.1080819e-08,2.3526963e-08,3.971437e-08,2.9352647e-08,1.971758e-08,3.5134242e-08,1.806429e-08,2.8862917e-08,3.9754823e-08,1.6146068e-08,1.1813807e-08,1.568334e-08,1.2481725e-08,1.5101254e-08,2.0968308e-08,1.33948e-08,1.3268004e-08,2.068063e-08,2.1711717e-08,2.5549387e-08,2.7768593e-08,1.8687143e-08,1.3368558e-08,1.2088627e-08,1.2964442e-08,1.1448311e-08,8.075296e-09,8.515444e-09
6.376682e-05,0.0013855646,0.0014083833,3.5155623e-05,1.2039771e-06,5.836756e-07,2.8017902e-07,8.400141e-08,6.3259996e-08,7.332084e-08,1.1352768e-07,1.7365876e-08,1.46963e-08,2.3653753e-08,2.234599e-08,1.7408766e-08,3.4126415e-08,2.5832867e-08,1.2536293e-08,2.5064667e-08,2.1557831e-08,2.301631e-08,2.0417719e-08,1.22215615e-08,1.1260543e-08,1.8258751e-08,2.7168358e-08,2.1422121e-08,3.3444977e-08,1.6660984e-08,1.3152298e-08,9.579075e-09,1.1647639e-08,1.3752914e-08,1.2273361e-08,1.4311291e-08,9.074468e-09,9.8491535e-09,8.6859515e-09,7.059391e-09
0.0017976363,0.11765199,0.03919474,0.00037228444,2.5987447e-05,3.1937852e-06,5.5979865e-07,1.9323842e-07,1.3477099e-07,2.6761134e-07,1.9059816e-07,1.1080994e-07,1.5741456e-07,1.07303116e-07,7.0320574e-08,9.362082e-08,2.7551548e-07,1.979827e-07,1.8769924e-07,1.8671952e-07,1.6009652e-07,3.0460478e-07,4.2006866e-07,5.660073e-07,3.5625482e-07,1.8213586e-07,1.2857417e-07,6.260994e-08,3.911835e-08,2.2075337e-08,1.9533317e-08,2.1278112e-08,3.040251e-08,2.1014316e-08,1.67772e-08,1.6037557e-08,1.6820376e-08,1.2540225e-08,9.406712e-09,1.1629665e-08
0.02146457,0.24594173,0.07734701,0.0069297096,0.0026209017,0.00012827749,4.672936e-06,1.9047486e-06,3.3525007e-06,4.0433183e-06,3.071437e-06,1.2282234e-06,3.1180704e-07,5.426268e-07,8.587305e-07,4.1805066e-07,2.1045129e-07,2.7153015e-07,4.2802546e-07,1.8348184e-07,1.7841379e-07,2.7813564e-07,1.6322386e-07,5.151585e-07,1.1922662e-06,1.4735333e-06,2.3031355e-07,1.6437603e-07,6.009576e-08,3.3428304e-08,2.6922315e-08,2.0772786e-08,3.257218e-08,1.9384352e-08,1.69211e-08,1.5287375e-08,1.4162279e-08,1.7717412e-08,1.8966649e-08,1.35691085e-08
0.040018518,1.9885677,1.0549911,0.04526919,0.009132391,0.0003886387,3.4853394e-05,1.1874338e-05,7.032117e-06,9.006824e-06,7.1004133e-06,3.6395363e-06,1.3509527e-06,1.0400437e-06,1.0088394e-06,7.600958e-07,5.120891e-07,1.5107258e-07,1.0763987e-07,3.6331195e-07,6.0102184e-07,7.083703e-07,5.0046685e-07,5.904192e-07,8.038918e-06,2.0960491e-05,2.607068e-06,3.2479434e-07,9.5026486e-08,7.386254e-08,7.89589e-08,2.8619478e-08,3.7693006e-08,2.0246006e-08,3.126488e-08,2.7041715e-08,2.4185578e-08,1.9637453e-08,3.3800905e-08,1.8772667e-08
0.032313075,3.0212774,0.81915087,0.009902775,0.001211089,0.000119086595,1.9225972e-05,7.4701393e-06,1.8824846e-06,1.946413e-06,1.4104342e-06,4.5625444e-07,2.3900972e-07,1.8087573e-07,7.285847e-08,1.1671086e-07,1.0318002e-07,1.1952058e-07,1.2295861e-07,1.346526e-07,2.9099908e-07,4.593516e-07,3.1317159e-06,1.1343696e-05,7.2854536e-06,1.09173925e-05,1.3722388e-06,2.6171062e-07,1.4927888e-07,1.790834e-07,1.08071305e-07,7.063136e-08,9.954332e-08,4.1134747e-08,1.8234179e-08,1.4801021e-08,1.4860591e-08,1.4076617e-08,1.5745771e-08,7.579915e-09
0.03087343,0.947457,0.5340311,0.02474742,0.0036729835,0.0004675369,0.00013923823,4.82547e-05,9.067382e-06,6.6720445e-06,1.860173e-05,1.835608e-05,3.9435636e-06,1.6265549e-06,2.4068004e-06,2.6097014e-06,1.18256e-06,1.254744e-06,1.709519e-06,1.2963176e-06,1.8792748e-06,1.824385e-06,2.3038685e-05,0.00010741905,5.6649587e-05,4.729862e-05,3.887307e-06,3.4581186e-07,1.8609079e-07,1.2297632e-07,7.615754e-08,1.0425211e-07,1.5091302e-07,5.964377e-08,3.1191146e-08,2.8595672e-08,2.0959913e-08,1.5913233e-08,2.0620769e-08,1.47204515e-08
0.013194103,0.9281116,0.49346018,0.031983007,0.005147448,0.00034232,2.575313e-05,1.1817755e-05,2.29249e-06,1.3925783e-06,1.5159463e-06,2.6026387e-06,6.2831805e-07,1.0726831e-07,1.7726232e-07,1.5691232e-07,1.6429502e-07,8.148453e-08,9.280562e-08,3.809421e-08,1.5008818e-07,1.6965741e-07,2.1137887e-06,9.883906e-06,9.821746e-06,5.2752803e-06,4.5397093e-07,5.9339897e-08,5.6148227e-08,3.61032e-08,3.1151593e-08,2.8649154e-08,3.1703657e-08,2.7537018e-08,2.2549695e-08,1.2897779e-08,1.2292101e-08,1.6591308e-08,1.2982366e-08,1.01985025e-08
0.0028274537,0.35850266,0.14835328,0.0037845809,7.214951e-05,4.7303743e-06,2.0560328e-06,4.8059684e-07,7.085102e-07,4.6002765e-07,1.1210649e-07,6.577602e-08,6.442947e-08,4.233599e-08,5.6785975e-08,6.903514e-08,5.0581036e-08,2.8140887e-08,7.43867e-08,2.4290925e-08,2.9859642e-08,3.7426148e-08,3.0965236e-07,9.876596e-07,8.9693856e-07,4.89227e-07,1.1441593e-07,2.284511e-08,2.0132738e-08,1.8628688e-08,2.1012742e-08,2.1335797e-08,1.5282701e-08,1.1749081e-08,1.1080781e-08,9.816548e-09,1.1536711e-08,1.37473e-08,1.2117866e-08,1.025282e-08
0.0015280133,0.043219406,0.02514024,0.0018860007,2.54162e-05,4.883502e-06,3.1258705e-06,1.1426037e-06,4.5449286e-07,1.7957937e-07,1.3280179e-07,1.6034551e-07,2.3826902e-07,6.232155e-08,1.01730464e-07,8.132206e-08,1.09996215e-07,1.0613152e-07,1.3824871e-07,4.3930466e-08,1.4275296e-08,3.0678336e-08,7.901996e-08,1.7786643e-07,3.366289e-07,1.3069527e-07,4.4753705e-08,2.5758712e-08,1.0522857e-08,8.567706e-09,1.6050988e-08,1.0633079e-08,1.2710229e-08,1.7722584e-08,1.0539692e-08,6.521275e-09,7.2393287e-09,1.1457545e-08,9.170373e-09,9.305986e-09
0.0011892335,0.15770887,0.07277143,3.7038717e-05,4.458153e-06,1.8461999e-06,6.3063993e-07,3.025536e-07,1.3111105e-07,5.6037017e-08,2.8250886e-08,6.032925e-08,1.18616825e-07,4.9124406e-08,1.18985135e-07,9.881056e-08,6.2451626e-08,5.019543e-08,2.14829e-08,2.9909373e-08,5.4566268e-08,3.4537898e-08,4.0890235e-08,3.2442063e-08,5.177779e-08,2.244977e-08,3.0148563e-08,1.8788096e-08,1.6019136e-08,1.4920815e-08,8.666344e-09,1.032496e-08,5.4580704e-09,1.1040138e-08,1.1626616e-08,1.1461486e-08,9.8593365e-09,9.938233e-09,1.1002159e-08,9.690769e-09
0.00043089464,0.08759873,0.03387989,1.5768634e-05,1.6948307e-07,1.362141e-07,1.0024197e-07,1.4425791e-07,5.4126208e-08,2.6928689e-08,4.7033705e-08,4.3413312e-08,3.5599548e-08,4.7430856e-08,3.3434038e-08,5.22224e-08,5.0537707e-08,3.694133e-08,1.8907599e-08,2.7327216e-08,2.2810152e-08,4.4280767e-08,2.6573135e-08,2.0269942e-08,2.0466553e-08,2.3276629e-08,9.442479e-09,1.3138704e-08,2.0495797e-08,1.1565911e-08,1.07660325e-08,6.6013355e-09,1.1434946e-08,9.994252e-09,1.0964096e-08,1.4515715e-08,1.2699567e-08,9.705378e-09,9.9305e-09,7.237548e-09
1.8959365e-05,0.0038054376,0.0014599933,3.1658597e-06,6.8744896e-08,7.993043e-08,2.399875e-07,6.927182e-08,5.4918583e-08,3.425467e-08,4.1209542e-08,2.5963772e-08,4.257879e-08,7.6813535e-08,8.120188e-08,1.7076365e-08,3.1909504e-08,4.0227135e-08,2.1510957e-08,2.4490708e-08,1.1948124e-08,2.3098755e-08,2.2923212e-08,2.2949534e-08,2.4507788e-08,1.6682327e-08,1.6880135e-08,9.6549275e-09,1.5689e-08,1.9252715e-08,1.7913653e-08,1.1849629e-08,1.2843014e-08,1.1262577e-08,7.533929e-09,8.180076e-09,1.2852783e-08,1.30164315e-08,1.2136084e-08,8.238419e-09
5.127838e-06,0.00018938359,0.00012571404,1.248331e-06,9.95321e-08,8.55458e-08,6.850188e-08,5.8018674e-08,1.3967932e-08,5.740743e-08,6.332139e-08,2.6925173e-08,3.763099e-08,4.1607425e-08,1.2039732e-08,2.2266155e-08,3.4173585e-08,1.9128391e-08,2.471721e-08,1.6689823e-08,2.9432368e-08,2.1997895e-08,2.8923985e-08,4.740011e-08,1.4683438e-08,1.9684117e-08,2.4502805e-08,1.7729063e-08,1.2408261e-08,1.406555e-08,1.0567567e-08,7.641733e-09,1.1452493e-08,1.1711165e-08,1.2384182e-08,1.3894665e-08,1.0898812e-08,8.338166e-09,8.389482e-09,7.6658955e-09
3.2335922e-06,1.7870312e-05,8.634023e-06,2.7697914e-07,1.2221564e-07,7.378872e-08,3.573278e-08,5.253247e-08,8.254209e-08,2.8666658e-08,2.4121308e-08,4.9870405e-08,2.4789346e-08,2.2755096e-08,4.4307818e-08,2.0305658e-08,2.0566846e-08,4.4707306e-08,2.4984057e-08,2.4312145e-08,2.8849241e-08,3.5381362e-08,1.35240645e-08,1.2775446e-08,2.0028304e-08,2.3845372e-08,1.9628477e-08,1.234342e-08,1.3657378e-08,2.0170624e-08,1.294421e-08,1.3170427e-08,1.0197056e-08,1.1156153e-08,1.692502e-08,1.758411e-08,1.7841465e-08,9.352162e-09,1.115361e-08,7.724465e-09
5.153049e-07,5.7784837e-06,2.510455e-06,8.74277e-08,4.9563933e-08,2.0558135e-08,3.8066343e-08,1.0689933e-07,3.0336373e-08,1.8430846e-08,1.5698953e-08,2.0690287e-08,1.5499863e-08,4.7266053e-09,2.7334446e-09,5.689977e-09,6.2110046e-09,9.759069e-09,1.26771305e-08,1.5098436e-08,1.35142235e-08,4.4683377e-09,2.2106612e-09,4.411423e-09,7.480318e-09,6.92266e-09,8.3298435e-09,8.578653e-09,5.3817346e-09,2.2675606e-09,6.4164074e-09,3.379828e-09,1.8740358e-09,1.5552397e-09,2.8678828e-09,3.0027771e-09,3.2417382e-09,2.6576106e-09,3.9217194e-09,2.6185667e-09
