MFCC1,MFCC2,MFCC3,MFCC4,MFCC5,MFCC6,MFCC7,MFCC8,MFCC9,MFCC10,MFCC11,MFCC12,MFCC13,Contrast1,Contrast2,Contrast3,Contrast4,Contrast5,Contrast6,Contrast7
-0.015862679108977318,0.6450158953666687,-4.04978609085083,1.8207733631134033,4.605661869049072,0.5253167748451233,4.17211389541626,2.0650126934051514,1.0095497369766235,3.6399641036987305,3.9020657539367676,3.2241814136505127,3.59434175491333,-2.196530998044501,-4.156045379144633,-3.582359395183331,-5.093448483872544,-3.938356654494036,-4.951048908931266,-2.1037832801472103
3.155506134033203,2.2223880290985107,-3.193086862564087,0.5337213277816772,2.5263047218322754,-2.0951809883117676,2.692244529724121,1.926408052444458,0.8533963561058044,3.28775691986084,3.3239519596099854,3.366738796234131,3.326798677444458,-1.8352686316918856,1.228390781564622,-3.6476489931365843,-3.768370052661372,-3.836821596748936,-3.975796075272269,-1.137424888352417
3.5529487133026123,2.3671581745147705,-2.972957134246826,0.28403130173683167,1.6131588220596313,-1.9640308618545532,1.9924805164337158,2.067722797393799,1.1395949125289917,2.8668744564056396,3.2379403114318848,3.5022928714752197,3.0655510425567627,-1.102271720303475,-0.5302023366736555,-3.20686158221553,-2.8091979035782773,-2.8885288449695627,-3.0657132267028557,-1.0898517278860882
2.0719590187072754,1.7631170749664307,-2.238226890563965,0.04618405923247337,0.4061133563518524,-1.8950313329696655,1.0071102380752563,2.444854736328125,1.4156357049942017,1.9380005598068237,2.5021886825561523,3.5950064659118652,2.9313697814941406,0.032211002819136456,-0.30373373312179075,-2.319711070650288,-0.9782892177388793,-2.011143481151268,-1.8887911799704529,-0.4890593509849241
-0.1284244805574417,-1.567952036857605,-0.39580634236335754,2.1659882068634033,1.3829594850540161,0.18593324720859528,1.677433967590332,1.221996784210205,0.4205588698387146,0.939607560634613,-0.7335098385810852,-0.5139000415802002,-0.16792191565036774,2.591915134982904,1.3888521923601365,2.042739812920772,0.352347361927429,0.07195921186399887,0.25836304063206084,0.34273633660026476
0.5298529267311096,-0.9164462685585022,-2.251558303833008,2.406578779220581,2.1663641929626465,0.6365250945091248,0.6526339054107666,2.229921817779541,1.7686771154403687,0.6151925921440125,0.8870204091072083,0.3717745840549469,0.5458527207374573,1.5140874302093523,0.7317394125072515,1.0687226533313758,-0.2802975860729651,0.024716466879594758,0.2950593813760525,1.5117213324253245
0.6996394991874695,-0.5473378300666809,-2.130709171295166,2.039478063583374,1.9811162948608398,0.34674906730651855,0.24619850516319275,2.232485055923462,2.0069565773010254,0.3504684269428253,1.1826385259628296,0.6200628280639648,0.6784563660621643,1.386966553572052,0.8742817570611827,0.1464190181632635,-0.5914840976646282,0.6679143565068204,0.4907174766142155,1.4247198262068943
0.30389663577079773,-0.47913748025894165,-0.2392984926700592,0.526469886302948,0.41331809759140015,-0.006907179020345211,0.3367089033126831,0.6224045753479004,1.1581227779388428,0.08996176719665527,0.41039809584617615,0.41442036628723145,0.1265459507703781,1.9435805048062846,0.5490009361394571,-0.11505182073190595,0.5722154192238506,0.0283301565562508,0.6183257323443966,0.9869371721949842
0.12914811074733734,-0.2840670943260193,0.38075360655784607,-0.24004438519477844,-0.1317489594221115,1.296485185623169,-0.00020266587671358138,-0.3990923762321472,0.1445627063512802,0.37655726075172424,0.01730755716562271,-0.5355269908905029,-0.3986000120639801,1.745399055525389,0.06579795134546049,0.06484336102714952,0.3277409358552009,0.5995662241349327,0.6683056053551656,1.0909948823657751
0.2740960717201233,0.03925751894712448,0.6577305793762207,-0.5140078067779541,-0.37907981872558594,1.0379843711853027,-0.022914431989192963,-0.8309851884841919,0.2824729084968567,-0.1364569216966629,0.02657984383404255,-0.4431999921798706,-0.063939169049263,-0.17961316399865887,-0.37991847988422883,0.42023125087399443,0.6177028779927296,0.2570053771424274,0.49118958145101316,1.7951131003394964
0.3248734474182129,0.07273451238870621,0.9584692716598511,-0.7779549360275269,-0.4372856914997101,1.165592908859253,0.03378321975469589,-0.7936461567878723,0.03838131204247475,-0.42800620198249817,-0.18197114765644073,0.20776206254959106,0.03510656580328941,0.3862369933610047,-0.18358659803700833,0.5173278985387,1.1281736265208835,0.3575842583674826,0.2480172398249758,-0.5825493476121524
0.26085716485977173,-0.15662337839603424,0.8265048861503601,-0.26495862007141113,-0.21653667092323303,1.101793885231018,-0.41041550040245056,-0.10744260996580124,0.17864727973937988,-0.036317821592092514,0.1527213603258133,0.3664884567260742,0.23938597738742828,0.5148025360481019,0.14013352519972003,1.0926301451817158,0.07166467446696165,0.8562792441225281,0.10133672256892574,-0.7779327238734871
0.24167273938655853,-0.21818237006664276,0.9921549558639526,-0.1171909049153328,-0.24817125499248505,0.5283676981925964,-0.3905009925365448,0.5962401032447815,-0.8468482494354248,-0.6745796799659729,-0.16897383332252502,-0.8841263651847839,-0.29435864090919495,1.4352369956614919,0.1145093678678509,0.34344149042528554,0.38429201240899447,0.4659762083906569,0.3310793066785184,-0.647091687549134
0.23731085658073425,-0.28803879022598267,0.8294269442558289,-0.20975324511528015,-0.2768140435218811,-0.39544710516929626,-0.2950352728366852,0.583590567111969,-1.3196210861206055,-1.0230751037597656,0.03502348065376282,-0.9758641123771667,-0.1843525469303131,1.015171686462049,0.13362564144950634,0.3061821156825754,0.44339474551403435,0.7688294884372641,0.3506762791203922,-0.7510723904114183
0.21540874242782593,-0.339106023311615,0.3620103597640991,0.04085737466812134,-0.07277262955904007,-0.367201030254364,-0.1295647919178009,0.3933661878108978,-0.7058147192001343,-0.21893452107906342,1.102766990661621,0.32315459847450256,-0.04608917981386185,0.7495128893321883,0.26344632905710963,-0.35333901604248374,0.4727629165044727,0.30375409157967176,-0.10830284011196561,-0.5229034808133602
0.23673510551452637,-0.156729057431221,0.1392468959093094,-0.4579969644546509,-0.2740578353404999,0.574839174747467,-0.09191593527793884,0.04509077966213226,-0.35112667083740234,-0.1188148632645607,0.7127019762992859,1.2048312425613403,0.035268764942884445,0.33078206105651736,0.4195240697999642,-0.15514165433921553,0.6334901811117973,0.3504187882821596,0.17480788908121703,0.5639763792231978
0.19684134423732758,-0.09489910304546356,0.1724269837141037,-0.8945615887641907,-0.5626497864723206,2.138373613357544,-0.11022116988897324,-0.4784902036190033,0.07178010046482086,0.11717167496681213,-0.32476356625556946,0.6821056604385376,-0.3351604640483856,1.8665244900226823,0.0756974025156856,-0.2014238502000238,0.9036933253329155,0.556132575882109,0.21456146503261975,-0.033993207625075454
0.18362906575202942,-0.35878923535346985,0.4762647747993469,-0.45921146869659424,-0.5112852454185486,0.5821196436882019,-0.22261561453342438,-0.6465745568275452,-0.7578084468841553,0.01414437871426344,0.29063186049461365,0.14856232702732086,-0.44080299139022827,0.09425794141182853,-0.3826494040486523,0.7560725752232574,0.18003500440892922,0.1329614150225465,0.3947113032363328,-0.8049672624093528
0.23868483304977417,-0.2876678705215454,0.7258485555648804,-0.2063729614019394,-0.551112174987793,-0.7259728908538818,-0.674248993396759,0.5176452398300171,-1.6656990051269531,-0.836609423160553,-0.285426527261734,-0.8835248947143555,-0.3596070110797882,0.3967034879187678,1.0298993119957978,0.027775889405291285,0.37701366300202316,0.19690067050755025,0.014339831144034157,0.6479977181219203
0.20324058830738068,-0.4333368241786957,0.7460266947746277,-0.013156615197658539,-0.4782475531101227,-1.178376317024231,-0.9088883399963379,0.6084659099578857,-1.2966506481170654,-0.760423481464386,-0.8270955085754395,-0.8577390313148499,-0.31227561831474304,1.319978879866215,0.8354070962257709,0.022787674762559326,0.3229424349893992,0.27279632473361226,0.47701322287276204,1.4710953706637382
0.17811201512813568,-0.5430945158004761,0.5154630541801453,-0.424202561378479,-0.2592276334762573,-0.715118944644928,-0.6996464133262634,-0.3320190906524658,-0.6824389100074768,-0.2990386486053467,0.013279356062412262,-0.6422691345214844,-0.5222339034080505,-0.6601650696488611,0.4232469309544308,-0.24170398853557148,-0.024182720579155544,0.20260855070156375,0.3024309519005771,0.38571565858096335
0.24434272944927216,-0.1928781270980835,0.704965353012085,-0.5315489172935486,-0.5404112935066223,0.4785088896751404,-0.41777271032333374,-1.050736665725708,0.17676414549350739,-0.11788444221019745,-0.6046547293663025,-0.9579252004623413,-0.7546622157096863,-0.9048196088772859,-0.45968193941300733,0.4074023282947826,0.0035696002676357756,0.46894238429217566,-0.1849451683293765,0.3198864201861403
0.19816486537456512,-0.3680476248264313,0.26160693168640137,-0.6002190709114075,-0.5165462493896484,0.9256749153137207,-0.18856239318847656,-1.3837733268737793,-0.3147902190685272,0.07272633165121078,-0.25940409302711487,-0.5780165791511536,-1.0683352947235107,-0.3806987513057238,0.8336795449239971,-0.31723466691869523,-0.09915092881186366,0.02345651642648793,-0.010345375748539555,-0.7071599989150689
0.17083150148391724,-0.46870023012161255,-0.12174784392118454,-0.2857685387134552,-0.33530759811401367,0.10800870507955551,0.006368654314428568,-0.26224878430366516,-0.7755259275436401,-0.38234469294548035,0.26151323318481445,0.1376848965883255,-0.978626549243927,0.21107292975769826,-0.09507396286311809,0.27534610125820996,0.28743752540851414,0.08835995841758451,0.15499514727844285,0.6373253320242133
0.22232912480831146,-0.6289242506027222,0.21219415962696075,-0.5308367013931274,-0.39498913288116455,-0.8076196312904358,-0.04582146927714348,0.5882207751274109,-0.27660316228866577,-0.7003065943717957,0.3156178593635559,-0.35196471214294434,-0.5765173435211182,-0.7364940554700693,1.0779012309831648,1.7916353797283853,0.7453872181012556,0.08167282615439549,0.24432991569014825,-0.6753594237072643
0.139592245221138,-0.8936226963996887,0.42439934611320496,-0.24347257614135742,-0.653357982635498,-0.9352644085884094,-0.06065996736288071,0.34657150506973267,0.3765968382358551,-0.3254973590373993,-0.2561434805393219,-0.10864975303411484,-0.16115263104438782,-0.420662664486468,1.715589093448854,0.29754659464394934,0.3278198867348387,0.6144425711119766,0.1960459170892285,0.6690248898255055
0.14785221219062805,-0.8527801036834717,0.29663383960723877,0.19400478899478912,-0.30744102597236633,-0.08781974762678146,0.008337211795151234,0.026694858446717262,0.1214306652545929,-0.3688543736934662,-0.47136190533638,-0.2092515081167221,-0.7802852988243103,-0.2595292699407609,0.28883170050526336,0.6632244522930945,0.2862088033765247,0.4176643350531141,0.26486198784096215,-0.06878616295066525
0.1499258130788803,-0.6442196369171143,-0.06443716585636139,-0.28648707270622253,-0.3347106873989105,-0.03513477370142937,0.360113263130188,0.32533490657806396,-0.5322373509407043,-0.6441947817802429,-0.1841926872730255,-0.4927843511104584,-0.7643467783927917,1.838379729569934,-0.13221790245643691,0.2877584548981244,0.26713622213057575,0.23340878421467312,0.08986255126064577,-1.0548880506488254
0.11038804799318314,-0.5177984833717346,0.077518031001091,-0.4290851950645447,-0.37772879004478455,0.5948915481567383,0.39485567808151245,-0.3354072570800781,-0.038630299270153046,-0.3111288249492645,-0.1436527669429779,-0.24322083592414856,-0.529664933681488,-0.18665074634298662,-0.21841782388742018,1.878670136219071,0.2644384350055792,0.5370183004818208,0.21021018119594867,0.5415166357435774
0.13283103704452515,-0.590785562992096,0.053232546895742416,-0.5909777283668518,-0.5973529815673828,-0.007258160039782524,-0.35450756549835205,-1.1904250383377075,-0.1384352296590805,-0.2921465039253235,0.9778956174850464,0.03349469229578972,-0.7082576155662537,1.0275886261362357,-0.09338147628655652,0.2583332293667154,0.4932154456752121,0.17119392786007667,0.26211540952603035,1.126350909549001
0.229882150888443,-0.42897292971611023,-0.009579858742654324,-0.8724054098129272,-0.5304813981056213,-0.8169805407524109,-0.7380979657173157,-0.9118694067001343,-0.9807851910591125,-0.6756128668785095,0.8202477693557739,-0.39721959829330444,-0.36336079239845276,-0.6359362424937347,0.3328137902357443,-0.3836282604822837,-0.21171396003594797,0.19415586429991344,0.20147564213741473,-0.906791355205179
0.1380801647901535,-0.6675864458084106,0.26385220885276794,-0.47276780009269714,-0.40428850054740906,-1.2010161876678467,-0.8133769631385803,-0.1243525967001915,-0.9501035809516907,-0.7834608554840088,-0.32285743951797485,-0.6707348227500916,0.06661880016326904,0.5444889460257698,0.8580078240228173,0.19327805393740363,0.5502244675955766,0.2770895325579722,0.7855024799638924,-0.563339151136655
0.14353206753730774,-0.5720465183258057,0.8083335161209106,0.313763290643692,-0.2516295313835144,-0.8165981769561768,-0.884614884853363,0.35523363947868347,-1.006868839263916,-1.0226309299468994,-0.8773127794265747,-0.749681293964386,-0.1970808357000351,-0.4214535115129075,-0.1361649034542192,-0.21687167615175212,0.4154091293803471,1.0126723892720417,0.6383115169262927,1.5933900279115698
0.21035778522491455,-0.3956506550312042,0.46162521839141846,-0.07880724221467972,0.07629819214344025,0.10178521275520325,-0.35565707087516785,-0.5399178862571716,-0.7688072919845581,-0.5291585326194763,-0.37460508942604065,-1.114898443222046,-0.3650502562522888,-0.6464259161621814,0.37810497218821953,0.1974119844241488,0.516910496230628,0.2029472361611174,0.38860328498172747,-1.114011890544776
0.16694533824920654,-0.42964762449264526,-0.11662250012159348,-0.5120149850845337,-0.17047785222530365,0.7020019888877869,-0.3938489258289337,-0.8806299567222595,-0.22394557297229767,-0.3971068263053894,-0.15574997663497925,-0.4107588231563568,-0.6625046730041504,-1.1705668612861269,-0.46681425373046037,0.5255434631441227,-0.01212572248315642,0.3438516684361161,-0.03583173211771935,0.37940844565370674
0.10034579783678055,-0.5554354190826416,-0.1381632685661316,-0.343099445104599,-0.14381401240825653,0.8126118183135986,-0.3851051330566406,-0.5711502432823181,-0.33090904355049133,-0.2716367542743683,0.3231436014175415,0.40659037232398987,-1.0619430541992188,-1.3700116761961232,-0.09445788522984506,-0.056450763680528114,0.5713982324102745,0.8640317706926142,0.2111262741020432,0.19263723335560845
0.1046503409743309,-0.39046066999435425,0.028796516358852386,-0.14711028337478638,-0.2486272156238556,1.1222593784332275,-0.23810435831546783,-0.33251941204071045,-0.43256300687789917,-0.30430376529693604,0.3025873303413391,0.10471686720848083,-1.0386687517166138,-0.10651446679485882,-0.44365232529516696,-0.3296718992402308,0.33583246277532497,0.36695689959117184,0.14097767007507264,1.1739482701815502
0.09491316229104996,-0.6091307401657104,0.5575211048126221,0.11388387531042099,-0.39534202218055725,0.10505589842796326,-0.6350038051605225,-0.6108160018920898,-0.19296512007713318,-0.7218932509422302,-0.5387004017829895,0.04525051638484001,-0.7484651803970337,-0.8503519004498279,0.8472200787152372,0.43830531284045604,0.3273024180946531,0.5010710810405583,0.4913962469013521,-0.1896926915949202
0.10499853640794754,-0.8294729590415955,0.8710833191871643,-0.01947122998535633,-0.3740890920162201,-0.9919416904449463,-0.9511235952377319,-0.7087501883506775,-0.446770042181015,-0.8598385453224182,-0.9879511594772339,0.006472551263868809,-0.1719895601272583,0.8978470876307073,1.2566934429071308,0.3130850568944582,0.8187531832828023,0.7962511821702264,1.0273385534118094,2.030505950908464
0.13167954981327057,-0.6009892225265503,0.5577874779701233,-0.4864211976528168,-0.38454174995422363,-0.6526017189025879,-0.35447680950164795,-0.04473899304866791,-1.0251483917236328,-0.4496295750141144,-0.2343696802854538,-0.02782248519361019,0.06385591626167297,-0.4049952985146363,0.8793123421670527,-0.06553140041542396,0.4204537851018738,0.5148552285847713,0.5032652101777407,1.0302734306415455
0.13695436716079712,-0.33751940727233887,0.0405426062643528,-0.5622813701629639,-0.31083881855010986,0.5784735679626465,0.14645276963710785,0.22988897562026978,-0.9410165548324585,-0.3063925504684448,-0.3127646744251251,-0.08007975667715073,-0.0076701040379703045,-0.24580699091108374,0.7300386650020537,-0.10690464568535946,0.2653577932900684,0.6243172852025883,-0.01175490830489349,-0.01695394675949969
0.10090502351522446,-0.3257955312728882,-0.043191347271203995,-0.6427630186080933,-0.20980627834796906,1.8024626970291138,0.02320071868598461,-1.1348599195480347,-0.8316735029220581,-0.37774425745010376,-1.2647407054901123,0.0018087300704792142,0.06857379525899887,-0.9683184089337425,-0.4405269986739809,0.08664860759420892,-0.0688550597774344,0.3450096935721788,0.5227817735627108,0.2386196401927534
0.07217656075954437,-0.4977239966392517,-0.2617194354534149,-0.5691267251968384,-0.25637781620025635,1.7739917039871216,-0.4456008970737457,-1.4088541269302368,0.14098595082759857,0.11951371282339096,-1.0481410026550293,0.6103111505508423,-0.346344530582428,-0.3783889075495374,-0.2905774778173623,1.4649548850700713,0.2574604600096698,0.5820492247175415,0.35021573546746726,0.5331030923067935
0.0837932825088501,-0.6498645544052124,0.24702419340610504,-0.47104841470718384,-0.4763774573802948,-0.023780575022101402,-0.6400740742683411,-1.2121152877807617,0.2762402296066284,0.16581936180591583,-0.3553108870983124,0.10792133957147598,-0.20777614414691925,-0.8810569366909472,-0.4575331011521134,0.8058648494880964,0.292287489532938,-0.06470850064792917,-0.10176753496972032,-1.0041974854892592
0.06635994464159012,-0.6941205263137817,0.5254213213920593,-0.27223384380340576,-0.3903912603855133,-1.2550616264343262,-0.7374525666236877,0.11462914943695068,-0.23050302267074585,-0.1263008415699005,-0.19154104590415955,-0.415377140045166,-0.050271179527044296,-1.2482107302476897,-0.3984580588426235,-0.11613365236479645,0.27997065852155867,0.4562227133732754,0.08690868867979566,0.2783906755052934
0.06386429071426392,-0.7517293095588684,0.5144011974334717,-0.15153001248836517,-0.5710541009902954,-1.3051173686981201,-0.6846848130226135,0.2840074598789215,-0.7164942026138306,-0.5859355926513672,-0.7138800621032715,-0.8304605484008789,-0.2167547196149826,-0.0352024843893765,-0.3021298726638609,0.15142179934628738,0.2939757774744363,0.2838338628364199,0.4991529428218264,-0.07690790514653681
0.13944727182388306,-0.5900850892066956,0.3427716791629791,-0.37898287177085876,-0.37958571314811707,-0.5278803706169128,-0.8696970343589783,-0.5570043325424194,-0.33599844574928284,-0.619633138179779,-0.5498450398445129,-1.1469330787658691,-0.7149065732955933,0.3320020510049287,0.7743240543827971,0.11220795271832036,0.02058636359272165,0.36165456465305346,0.04995355241747236,-1.1117051495945625
0.08683072775602341,-0.4813350737094879,0.22068741917610168,-0.8423045873641968,-0.09855718910694122,1.470581293106079,-0.3014267086982727,-1.3329888582229614,0.35300999879837036,-0.7569978833198547,-1.3173503875732422,-0.8952579498291016,-0.8092088103294373,-0.805279609908503,-0.7756808492116521,1.4436427188509282,-0.0556931734310321,0.41116563864412026,0.21979841291206403,0.7753473359112206
0.06198750436306,-0.30277150869369507,0.29504361748695374,-1.4103412628173828,-0.37904825806617737,1.4962737560272217,-0.40646588802337646,-1.7970702648162842,-0.06765242666006088,-0.3324742019176483,-0.20936699211597443,-0.37269750237464905,-0.8071983456611633,0.3639767957772058,-0.880760639842548,1.3869810942118832,-0.10795153381938082,0.33996630488240326,0.3431234084686204,-0.0832596740824941
0.04462297633290291,-0.44159072637557983,0.09134075045585632,-1.1648216247558594,-0.5220891833305359,0.21834434568881989,-0.8122952580451965,-1.3210855722427368,-0.14013272523880005,-0.21033145487308502,0.15869241952896118,-0.4814474880695343,-0.23366644978523254,-0.9185601506519475,0.04339692550861543,-0.2822698384473084,0.1873325052890353,0.8532617745067377,0.2621578335885646,0.9442878703589432
0.023531034588813782,-0.6364591121673584,0.5185638666152954,-0.6354132294654846,-0.25839146971702576,-0.325350284576416,-0.6196805238723755,-0.6092321276664734,-0.4374295473098755,-0.3133012056350708,-0.8317003846168518,-0.4329589903354645,0.015961382538080215,1.4978357236684685,0.4641175530598286,0.5414391391571128,-0.02327795919220481,-0.04412922146960535,0.16930233032249598,-0.88140755543449
0.01228361763060093,-0.5036000609397888,0.5642077326774597,-0.24943068623542786,-0.1302080899477005,0.08664347231388092,-0.3015705347061157,0.11443659663200378,-0.6075646281242371,-0.2863813042640686,-0.8237656950950623,-0.14378294348716736,0.223697692155838,0.38083333086542465,0.4416363092838167,0.8472789661295197,0.5790975100370179,0.17652425620487106,0.6058422076376909,0.1503421082656028
0.01722446084022522,-0.5113100409507751,0.1549743264913559,-0.4890443682670593,-0.22628146409988403,-0.09389273077249527,-0.22030413150787354,0.4310874938964844,-0.7816368937492371,-0.5673287510871887,-0.4308997094631195,-0.23218803107738495,0.13290423154830933,2.0686533358226575,0.4712263821463894,0.3218238963599303,0.32158673600092774,0.1413193346346627,0.7084684334100038,-0.356466106414047
0.0763109028339386,-0.4351268708705902,0.028626419603824615,-0.7198741436004639,-0.4352736473083496,-0.13074418902397156,-0.3635457158088684,-0.6628193855285645,-1.172070026397705,-1.0111926794052124,-0.8113316893577576,-0.3921118676662445,-0.2555319368839264,-0.1581847399254314,0.15534378031086252,-0.1852187754604861,0.6989614854693997,0.2534206415280311,0.35491543000438214,-0.017692941228385654
0.1488380879163742,-0.12096492946147919,0.5406677722930908,-0.8347364664077759,-0.976351797580719,0.10868798941373825,-0.491690069437027,-1.2028380632400513,-0.606194257736206,-0.6573575735092163,-1.1398671865463257,-0.4034959077835083,-0.4550224244594574,-0.2113806524506978,-0.20659326731569075,0.42063672762965626,0.4567533261936877,0.40727931792231364,0.4316239680804249,0.2607900018460019
0.11919210851192474,-0.3711889386177063,0.40913623571395874,-0.6973066926002502,-0.8673040866851807,-0.25494155287742615,-0.4984965920448303,-1.601463794708252,-0.48585349321365356,0.18309395015239716,0.1179305836558342,-0.7346380352973938,-0.7209435701370239,-0.16741941656847967,0.3187519078827567,0.7898933898220493,0.10428803215655875,-0.056914254088975914,0.414241079335421,-0.0691722311882329
0.15155303478240967,-0.44920599460601807,0.3027063012123108,-0.619509220123291,-0.5998183488845825,-0.6006931662559509,-0.6592835187911987,-0.7066421508789062,-0.9469519853591919,-0.2568666636943817,0.0046958173625171185,-1.065892219543457,-0.3591940999031067,-1.1933649451784445,2.8553747640376126,0.2153921090573721,0.23232550846650937,0.4933430051559327,0.15860418661997092,-0.005468882839475592
0.19756940007209778,-0.2785092294216156,0.49133244156837463,-0.7423157095909119,-0.5423771142959595,-1.429599404335022,-0.9149354100227356,-0.3544679284095764,-0.9435685873031616,-0.8003138899803162,-0.41058170795440674,-1.2430943250656128,-0.2894524931907654,-0.16763293662139586,-0.4765037044870551,0.32703298677349674,0.5834915535186217,0.16888428166441305,0.31456662521485496,0.6687939687712052
0.2459997683763504,-0.026376402005553246,0.6913127303123474,-0.7786425352096558,-0.6625858545303345,-1.5423887968063354,-1.2106415033340454,0.4122250974178314,-0.3163117468357086,-0.9919168949127197,-0.8478816747665405,-0.6630310416221619,-0.18784579634666443,-1.5075214803643284,-0.10064991877256166,-0.10491199731999303,0.3542439562278059,0.2705484064860351,0.6005388611787048,1.1759971924836088
0.19386078417301178,-0.38963431119918823,0.0944647341966629,-0.5749911069869995,-0.2461465746164322,-0.11298569291830063,-0.29843756556510925,0.34788766503334045,-0.04384951665997505,-0.6359195113182068,-0.5915476083755493,-0.6010580062866211,-0.335703045129776,-0.6514951156670562,-0.4551288153496793,-0.16042943687074793,0.9393275158036047,0.4946975447340547,0.08070997757274762,0.4449542161496025
0.09710511565208435,-0.3055286705493927,-0.1060565933585167,-0.8902995586395264,-0.5832942724227905,0.8750133514404297,0.1522497534751892,-0.9729072451591492,-0.35334426164627075,0.010361445136368275,-0.738620936870575,0.04468980431556702,-0.22637109458446503,-1.1504036853868487,0.09386844552071438,-0.18999527568265068,0.2702777888540123,0.273740180755507,0.5632597271611933,0.39871791930457645
0.06044836342334747,-0.4736069440841675,-0.17472611367702484,-0.689535915851593,-0.4431336224079132,1.2036641836166382,-0.04558579996228218,-1.5635470151901245,-0.7083853483200073,0.376881867647171,-0.589156448841095,-0.3344874680042267,-0.7091238498687744,-1.2123066854553057,0.7592999175192336,0.5947924365970004,0.5589898047499867,0.6637931424053587,0.20005469888653046,-0.055444844679256824
0.11384939402341843,-0.5100483298301697,-0.017129261046648026,-0.6518211960792542,-0.6906517148017883,-0.5350727438926697,-0.5842859148979187,-0.9745376110076904,-1.041428804397583,-0.3097371757030487,-0.49526968598365784,-0.8633686304092407,-0.5903358459472656,-0.7074323054328455,0.21059233013527606,0.2736330862395931,0.07395668316592872,0.3993625601026636,0.5220024892811093,0.6827356298633223
0.14364859461784363,-0.39335891604423523,0.6367912888526917,-0.6155427098274231,-0.8625662922859192,-2.3452887535095215,-1.3964872360229492,-0.08847005665302277,-0.853642463684082,-0.5703719258308411,-0.48681193590164185,-0.6344724297523499,-0.571730375289917,0.03960626308718572,1.2921064330074228,0.08274245909543003,0.2895858660123172,0.39941065342669124,-0.01615938811817376,-0.7519959325389801
0.09784647077322006,-0.7068909406661987,0.9234680533409119,-0.04266013950109482,-0.7652860283851624,-1.5798470973968506,-1.1116191148757935,-0.41588956117630005,-0.12537731230258942,-0.6768026947975159,-1.0825073719024658,-0.41475343704223633,-0.48166224360466003,-0.2963715636946007,0.678463128120773,0.12416529745501409,0.9679413250769177,0.7442759718637988,0.4192106479993823,1.1231451875617744
0.2236127406358719,-0.1804753839969635,0.9235896468162537,-0.4687940180301666,-0.9687294960021973,-0.6745411157608032,-0.5697311758995056,-0.083887480199337,-0.1466277837753296,-1.094023585319519,-1.705532431602478,-1.004476547241211,-0.9920076727867126,0.8050737048013044,-0.334554260818998,0.37336627834903446,0.5969871309878466,0.19906939124430412,-0.09217186461280572,-0.5467360771059554
0.23246589303016663,0.2552872896194458,0.5824858546257019,-1.1670904159545898,-1.0915887355804443,-0.05368475243449211,-0.4301573634147644,0.029467539861798286,0.12363392114639282,-0.5492832064628601,-1.2429791688919067,-1.3526763916015625,-0.8681041598320007,-0.49845450631965726,0.6098989630412305,0.4887052121110543,0.769098352376496,0.31019655947562313,-0.0929633013850469,-0.9960601101193209
0.11998072266578674,-0.21642138063907623,0.05391800031065941,-1.221544623374939,-0.5172598958015442,0.7688594460487366,-0.49016207456588745,-1.3364572525024414,-0.17931850254535675,-0.10431530326604843,-0.7310265302658081,-0.39270254969596863,-0.5166224837303162,-0.586306547410991,0.43743046202113733,0.06463701759427602,0.6757182271224034,0.4005496076831277,-0.04522953805792807,0.8339682931084885
0.16039425134658813,-0.19490860402584076,-0.026144029572606087,-0.4819425642490387,-0.24793460965156555,0.2260875403881073,-0.6396440863609314,-1.1355174779891968,-0.2175927609205246,-0.20682013034820557,0.02274405211210251,-0.3146258592605591,-0.6675117611885071,-0.8411611724038984,-0.06986707342477973,0.09941312581361346,0.09894845788041914,0.8547921302097732,0.14558682038969745,1.9676668777037174
0.11925404518842697,-0.35221511125564575,0.3052552044391632,-0.07372833043336868,-0.2556789219379425,-0.4697050452232361,-0.3964740037918091,0.0241457000374794,-0.7712697982788086,-0.5988379120826721,0.17057254910469055,-0.4899239242076874,-0.7956448793411255,-0.7216888906809567,0.1366067910758108,-0.020699485569362283,0.9065028423255345,0.30818962383634646,0.33593235070150745,-0.4433265105324839
0.06512220948934555,-0.7590691447257996,0.6970309019088745,0.03047594614326954,-0.499028742313385,-0.6379390954971313,-0.4147561490535736,-0.5226951241493225,-0.9483855366706848,-1.1451388597488403,-0.993064820766449,-0.7697035074234009,-0.9581215381622314,-0.39180588061226035,0.4192424444085477,0.15030723830237996,0.56351248030488,0.4594157078327581,0.4407110488013104,0.6539862821078061
0.13561204075813293,-0.3771892488002777,0.8161239624023438,0.15131881833076477,-0.744284451007843,-0.5134906768798828,-0.7338169813156128,-0.19747190177440643,-0.40256619453430176,-0.6893961429595947,-1.099805235862732,-0.8260375261306763,-0.8607602715492249,-0.5983013179395588,0.31954867834025397,-0.2522881158763454,0.28714944625896,0.4505842100511871,0.4457451131576534,1.7743313048498597
0.26518693566322327,-0.05821900814771652,0.14716869592666626,-0.3184259831905365,-0.7666107416152954,-0.7381749749183655,-0.9127999544143677,0.04413336142897606,-0.7887237668037415,-0.5561972260475159,0.3385418653488159,-0.7066484689712524,-0.6597487330436707,-0.28092965986162916,-0.49656469041817153,-0.1401291447949852,0.2772996370866023,0.08382884570971363,0.043630612372831175,0.3938508055339161
0.25745776295661926,0.23595450818538666,0.2811340391635895,0.07667360454797745,-0.22327125072479248,0.20789767801761627,0.20867277681827545,0.2904869616031647,-0.04758671671152115,0.13395921885967255,0.7419126629829407,0.18066418170928955,-0.2511841356754303,-0.12713931476711743,0.08963078591590631,0.8340535801039536,0.36750962428083256,0.030677592257050884,0.5597577586670233,0.5218729984633642
0.1569696068763733,0.9231293201446533,1.0557892322540283,0.27165937423706055,-0.22313031554222107,0.6596747040748596,0.3945050835609436,0.4746561646461487,0.5369971394538879,0.2712496817111969,0.28176629543304443,0.864486575126648,-0.03885650634765625,0.4490098787800367,1.173828065166167,-0.29158932252905784,0.49180857916705073,0.8345519818709917,0.2365427935534067,-0.7269663572620062
-0.16831594705581665,1.4737203121185303,0.7159130573272705,0.4864535331726074,0.28260886669158936,1.2905158996582031,0.31186938285827637,1.0490859746932983,1.1045265197753906,-0.16205550730228424,0.4374721348285675,0.9559820890426636,0.33959221839904785,0.3714159643607851,-0.15670358255068864,-0.45699920692157137,-0.527091910712068,-0.19899995868080644,0.21702623373198107,-1.0265249734308821
-0.5315220952033997,2.307126522064209,0.26249685883522034,0.8104272484779358,0.5740558505058289,1.8975701332092285,0.23178133368492126,0.9700875878334045,0.7220114469528198,-0.10848835110664368,0.5278152823448181,0.6975066661834717,0.732227623462677,0.032092103334489856,-0.6726644424427086,0.15211110177789905,-0.6224519587680807,-0.36169969479312175,-0.018175503372466376,-0.6350199608999598
-0.9305611252784729,2.7681467533111572,0.41709208488464355,1.0928542613983154,0.7014967203140259,1.8347187042236328,0.6440789103507996,1.2410001754760742,1.328654408454895,0.5030568242073059,0.35211315751075745,0.7363290190696716,0.9989690780639648,0.6925676054901667,-0.7282095978096537,0.17145788693290615,-0.788046529849234,-0.6028715929740673,0.041712540000069645,-0.3483910054430293
-1.4066107273101807,2.938842535018921,0.1962130218744278,1.5815482139587402,0.5756809115409851,1.6249099969863892,1.1372652053833008,1.892414927482605,2.0922372341156006,0.9732398390769958,1.0393974781036377,1.1367746591567993,1.6156026124954224,0.5566924399254853,-1.2746225472098671,-0.7670825829741588,-0.35209628423322187,-0.7409678065323773,0.2620846421537017,-0.4368361164369499
-1.877709984779358,2.9123106002807617,0.009757614694535732,2.300776958465576,0.6771478056907654,0.757157564163208,1.30103600025177,2.007141590118408,2.7208399772644043,1.365518569946289,1.634158730506897,1.3550151586532593,1.7588781118392944,1.7503006890005277,-1.2727101071758902,-0.30294562256513297,-0.9618979437389941,-1.3678077278233487,0.32380289708076576,-1.1924455033776582
-2.313736915588379,2.5705978870391846,-0.7994450330734253,2.233922243118286,0.9591560959815979,-0.3191027343273163,1.1074790954589844,1.7244118452072144,2.3935039043426514,2.0278172492980957,1.422046422958374,1.4367859363555908,1.3326009511947632,0.41831543802262255,-2.0588700696383193,-1.4678223167344688,-1.2063088147684324,-1.7511522356100921,-0.13032889918507687,-1.353865918119728
-2.785276174545288,2.0863699913024902,-1.7242145538330078,2.3345754146575928,1.6132361888885498,-0.15868572890758514,1.4670870304107666,1.054783582687378,2.147726535797119,2.375964641571045,0.9998726844787598,1.3915367126464844,1.7779992818832397,1.6962616871981608,-2.133868608431078,-1.1925945157119735,-1.4568103142582611,-1.5763393588316865,-0.16327407689789536,-0.44452219799620185
-3.203043222427368,1.6017651557922363,-1.9951318502426147,3.14355731010437,2.384915590286255,-0.22543485462665558,1.8909794092178345,0.8416132926940918,3.0666816234588623,2.8658947944641113,1.309680700302124,0.975645899772644,1.8408856391906738,1.0490569148133968,-1.361721545705879,-0.9234851145965951,-1.7418434694430212,-1.9853112944065345,-0.9988956857458222,-0.9286821878902275
-3.3598077297210693,1.925234317779541,-2.017637014389038,2.778153419494629,2.6728439331054688,-0.5039885640144348,2.7409276962280273,0.6926462054252625,2.314558982849121,1.6715754270553589,-0.3356083333492279,0.627123236656189,1.8276880979537964,-1.280779176833045,-2.4752461511260506,-2.061932650517009,-1.9009841704227026,-2.2742688568523626,-2.5384893899826304,-2.1405466353666798
-3.7474443912506104,1.5232447385787964,-2.371955156326294,2.659858226776123,3.16900372505188,-1.8995122909545898,3.6367383003234863,0.2609102725982666,1.7655103206634521,1.9453701972961426,-1.0740388631820679,0.403287410736084,1.8667961359024048,-1.6465741217506842,-3.320289727621234,-2.4452565375141684,-2.7997296121531066,-3.199690795298813,-3.7413342412085817,-3.864922441247025
